-- MySQL dump 10.13  Distrib 8.0.20, for Win64 (x86_64)
--
-- Host: localhost    Database: db_thesis_prod
-- ------------------------------------------------------
-- Server version	8.0.20

/*!40101 SET @OLD_CHARACTER_SET_CLIENT=@@CHARACTER_SET_CLIENT */;
/*!40101 SET @OLD_CHARACTER_SET_RESULTS=@@CHARACTER_SET_RESULTS */;
/*!40101 SET @OLD_COLLATION_CONNECTION=@@COLLATION_CONNECTION */;
/*!50503 SET NAMES utf8 */;
/*!40103 SET @OLD_TIME_ZONE=@@TIME_ZONE */;
/*!40103 SET TIME_ZONE='+00:00' */;
/*!40014 SET @OLD_UNIQUE_CHECKS=@@UNIQUE_CHECKS, UNIQUE_CHECKS=0 */;
/*!40014 SET @OLD_FOREIGN_KEY_CHECKS=@@FOREIGN_KEY_CHECKS, FOREIGN_KEY_CHECKS=0 */;
/*!40101 SET @OLD_SQL_MODE=@@SQL_MODE, SQL_MODE='NO_AUTO_VALUE_ON_ZERO' */;
/*!40111 SET @OLD_SQL_NOTES=@@SQL_NOTES, SQL_NOTES=0 */;

--
-- Table structure for table `albums`
--

DROP TABLE IF EXISTS `albums`;
/*!40101 SET @saved_cs_client     = @@character_set_client */;
/*!50503 SET character_set_client = utf8mb4 */;
CREATE TABLE `albums` (
  `id` int unsigned NOT NULL AUTO_INCREMENT,
  `nama_album` varchar(255) CHARACTER SET utf8mb4 COLLATE utf8mb4_unicode_ci DEFAULT NULL,
  `author_id` int DEFAULT NULL,
  `status` varchar(255) CHARACTER SET utf8mb4 COLLATE utf8mb4_unicode_ci NOT NULL DEFAULT 'PUBLISHED',
  `created_at` timestamp NULL DEFAULT NULL,
  `updated_at` timestamp NULL DEFAULT NULL,
  `thumbnail_file` text CHARACTER SET utf8mb4 COLLATE utf8mb4_unicode_ci,
  `slug` varchar(255) CHARACTER SET utf8mb4 COLLATE utf8mb4_unicode_ci DEFAULT NULL,
  PRIMARY KEY (`id`)
) ENGINE=InnoDB AUTO_INCREMENT=18 DEFAULT CHARSET=utf8mb4 COLLATE=utf8mb4_unicode_ci;
/*!40101 SET character_set_client = @saved_cs_client */;

--
-- Dumping data for table `albums`
--

LOCK TABLES `albums` WRITE;
/*!40000 ALTER TABLE `albums` DISABLE KEYS */;
INSERT INTO `albums` VALUES (4,'Praktek IPA',1,'PUBLISHED','2020-11-19 00:59:49','2020-11-19 13:33:40','albums\\November2020\\ureukoMpO8Za0EiMiv9Y.png','praktek-ipa'),(5,'Menjaga Lingkungan',1,'PUBLISHED','2020-11-19 01:08:26','2020-11-19 13:33:25','albums\\November2020\\XZJCRRfoOmsOHmXjqtX9.png','menjaga-lingkungan'),(6,'Lomba Baca Al Kitab',1,'PUBLISHED','2020-11-19 01:08:56','2020-11-19 13:33:55','albums\\November2020\\hGPWbUemC3LlzfVgQ6Q9.png','lomba-baca-al-kitab'),(7,'Fasilitas',1,'PUBLISHED','2020-11-19 22:23:17','2020-11-19 22:23:17','albums/November2020/D8Dzlud6Ci0c4fmeuQu5.jpeg','fasilitas'),(8,'Gathering',1,'PUBLISHED','2020-12-01 10:22:54','2020-12-01 10:22:54',NULL,'gathering'),(9,'Kegiatan di Luar Kelas: Kampoeng jadoel',1,'PUBLISHED','2020-12-01 10:23:31','2020-12-01 10:23:31',NULL,'kegiatan-di-luar-kelas-kampoeng-jadoel'),(10,'Membuat patung',1,'PUBLISHED','2020-12-01 10:23:40','2020-12-01 10:23:40',NULL,'membuat-patung'),(11,'Literasi hari Buku',1,'PUBLISHED','2020-12-01 10:23:48','2020-12-01 10:23:48',NULL,'literasi-hari-buku'),(12,'Misa',1,'PUBLISHED','2020-12-01 10:23:55','2020-12-01 10:23:55',NULL,'misa'),(13,'Rekoleksi',1,'PUBLISHED','2020-12-01 10:24:02','2020-12-01 10:24:02',NULL,'rekoleksi'),(14,'Retret',1,'PUBLISHED','2020-12-01 10:24:07','2020-12-01 10:24:07',NULL,'retret'),(15,'Upacara',1,'PUBLISHED','2020-12-01 10:24:13','2020-12-01 10:24:13',NULL,'upacara'),(16,'Ekstrakulikuler',1,'PUBLISHED','2020-12-01 10:27:44','2020-12-01 10:27:44',NULL,'ekstrakulikuler'),(17,'Intrakulikuler',1,'PUBLISHED','2020-12-01 10:28:16','2020-12-01 10:28:16',NULL,'intrakulikuler');
/*!40000 ALTER TABLE `albums` ENABLE KEYS */;
UNLOCK TABLES;

--
-- Table structure for table `categories`
--

DROP TABLE IF EXISTS `categories`;
/*!40101 SET @saved_cs_client     = @@character_set_client */;
/*!50503 SET character_set_client = utf8mb4 */;
CREATE TABLE `categories` (
  `id` int unsigned NOT NULL AUTO_INCREMENT,
  `parent_id` int unsigned DEFAULT NULL,
  `order` int NOT NULL DEFAULT '1',
  `name` varchar(255) CHARACTER SET utf8mb4 COLLATE utf8mb4_unicode_ci NOT NULL,
  `slug` varchar(255) CHARACTER SET utf8mb4 COLLATE utf8mb4_unicode_ci NOT NULL,
  `created_at` timestamp NULL DEFAULT NULL,
  `updated_at` timestamp NULL DEFAULT NULL,
  PRIMARY KEY (`id`),
  UNIQUE KEY `categories_slug_unique` (`slug`),
  KEY `categories_parent_id_foreign` (`parent_id`),
  CONSTRAINT `categories_parent_id_foreign` FOREIGN KEY (`parent_id`) REFERENCES `categories` (`id`) ON DELETE SET NULL ON UPDATE CASCADE
) ENGINE=InnoDB AUTO_INCREMENT=10 DEFAULT CHARSET=utf8mb4 COLLATE=utf8mb4_unicode_ci;
/*!40101 SET character_set_client = @saved_cs_client */;

--
-- Dumping data for table `categories`
--

LOCK TABLES `categories` WRITE;
/*!40000 ALTER TABLE `categories` DISABLE KEYS */;
INSERT INTO `categories` VALUES (4,NULL,1,'Event','event','2020-11-08 15:44:49','2020-11-08 15:44:49'),(5,NULL,1,'Berita Sekolah','berita-sekolah','2020-11-08 15:45:04','2020-11-19 11:24:47'),(6,NULL,1,'Artikel','artikel','2020-11-08 15:45:18','2020-11-08 15:45:18'),(7,NULL,1,'Fasilitas','fasilitas','2020-11-11 17:46:23','2020-11-11 17:46:23'),(8,NULL,1,'Halaman','halaman','2020-11-19 02:20:54','2020-11-19 02:20:54');
/*!40000 ALTER TABLE `categories` ENABLE KEYS */;
UNLOCK TABLES;

--
-- Table structure for table `data_rows`
--

DROP TABLE IF EXISTS `data_rows`;
/*!40101 SET @saved_cs_client     = @@character_set_client */;
/*!50503 SET character_set_client = utf8mb4 */;
CREATE TABLE `data_rows` (
  `id` int unsigned NOT NULL AUTO_INCREMENT,
  `data_type_id` int unsigned NOT NULL,
  `field` varchar(255) CHARACTER SET utf8mb4 COLLATE utf8mb4_unicode_ci NOT NULL,
  `type` varchar(255) CHARACTER SET utf8mb4 COLLATE utf8mb4_unicode_ci NOT NULL,
  `display_name` varchar(255) CHARACTER SET utf8mb4 COLLATE utf8mb4_unicode_ci NOT NULL,
  `required` tinyint(1) NOT NULL DEFAULT '0',
  `browse` tinyint(1) NOT NULL DEFAULT '1',
  `read` tinyint(1) NOT NULL DEFAULT '1',
  `edit` tinyint(1) NOT NULL DEFAULT '1',
  `add` tinyint(1) NOT NULL DEFAULT '1',
  `delete` tinyint(1) NOT NULL DEFAULT '1',
  `details` text CHARACTER SET utf8mb4 COLLATE utf8mb4_unicode_ci,
  `order` int NOT NULL DEFAULT '1',
  PRIMARY KEY (`id`),
  KEY `data_rows_data_type_id_foreign` (`data_type_id`),
  CONSTRAINT `data_rows_data_type_id_foreign` FOREIGN KEY (`data_type_id`) REFERENCES `data_types` (`id`) ON DELETE CASCADE ON UPDATE CASCADE
) ENGINE=InnoDB AUTO_INCREMENT=112 DEFAULT CHARSET=utf8mb4 COLLATE=utf8mb4_unicode_ci;
/*!40101 SET character_set_client = @saved_cs_client */;

--
-- Dumping data for table `data_rows`
--

LOCK TABLES `data_rows` WRITE;
/*!40000 ALTER TABLE `data_rows` DISABLE KEYS */;
INSERT INTO `data_rows` VALUES (1,1,'id','number','ID',1,0,0,0,0,0,NULL,1),(2,1,'name','text','Name',1,1,1,1,1,1,NULL,2),(3,1,'email','text','Email',1,1,1,1,1,1,NULL,3),(4,1,'password','password','Password',1,0,0,1,1,0,NULL,4),(5,1,'remember_token','text','Remember Token',0,0,0,0,0,0,NULL,5),(6,1,'created_at','timestamp','Created At',0,1,1,0,0,0,NULL,6),(7,1,'updated_at','timestamp','Updated At',0,0,0,0,0,0,NULL,7),(8,1,'avatar','image','Avatar',0,1,1,1,1,1,NULL,8),(9,1,'user_belongsto_role_relationship','relationship','Role',0,1,1,1,1,0,'{\"model\":\"TCG\\\\Voyager\\\\Models\\\\Role\",\"table\":\"roles\",\"type\":\"belongsTo\",\"column\":\"role_id\",\"key\":\"id\",\"label\":\"display_name\",\"pivot_table\":\"roles\",\"pivot\":0}',10),(10,1,'user_belongstomany_role_relationship','relationship','Roles',0,1,1,1,1,0,'{\"model\":\"TCG\\\\Voyager\\\\Models\\\\Role\",\"table\":\"roles\",\"type\":\"belongsToMany\",\"column\":\"id\",\"key\":\"id\",\"label\":\"display_name\",\"pivot_table\":\"user_roles\",\"pivot\":\"1\",\"taggable\":\"0\"}',11),(11,1,'settings','hidden','Settings',0,0,0,0,0,0,NULL,12),(12,2,'id','number','ID',1,0,0,0,0,0,NULL,1),(13,2,'name','text','Name',1,1,1,1,1,1,NULL,2),(14,2,'created_at','timestamp','Created At',0,0,0,0,0,0,NULL,3),(15,2,'updated_at','timestamp','Updated At',0,0,0,0,0,0,NULL,4),(16,3,'id','number','ID',1,0,0,0,0,0,NULL,1),(17,3,'name','text','Name',1,1,1,1,1,1,NULL,2),(18,3,'created_at','timestamp','Created At',0,0,0,0,0,0,NULL,3),(19,3,'updated_at','timestamp','Updated At',0,0,0,0,0,0,NULL,4),(20,3,'display_name','text','Display Name',1,1,1,1,1,1,NULL,5),(21,1,'role_id','text','Role',1,1,1,1,1,1,NULL,9),(22,4,'id','number','ID',1,0,0,0,0,0,'{}',1),(23,4,'parent_id','select_dropdown','Parent',0,0,1,1,1,1,'{\"default\":\"\",\"null\":\"\",\"options\":{\"\":\"-- None --\"},\"relationship\":{\"key\":\"id\",\"label\":\"name\"}}',2),(24,4,'order','text','Order',1,0,1,1,1,1,'{\"default\":1}',3),(25,4,'name','text','Name',1,1,1,1,1,1,'{}',4),(26,4,'slug','text','Slug',1,1,1,1,1,1,'{\"slugify\":{\"origin\":\"name\"}}',5),(27,4,'created_at','timestamp','Created At',0,0,1,0,0,0,'{}',6),(28,4,'updated_at','timestamp','Updated At',0,0,0,0,0,0,'{}',7),(29,5,'id','number','ID',1,0,0,0,0,0,'{}',1),(30,5,'author_id','text','Author',1,0,1,1,0,1,'{}',2),(31,5,'category_id','text','Category',0,0,1,1,1,0,'{}',3),(32,5,'title','text','Title',1,1,1,1,1,1,'{}',4),(33,5,'excerpt','text_area','Excerpt',0,0,1,1,1,1,'{}',5),(34,5,'body','rich_text_box','Body',1,0,1,1,1,1,'{\"tinymceOptions\":{\"indent_use_margin\":false,\"toolbar\":\"styleselect bold italic underline | fontsizeselect | forecolor backcolor | alignleft aligncenter alignright | bullist numlist outdent indent | link image table | code\"}}',6),(35,5,'image','image','Post Image',0,1,1,1,1,1,'{\"resize\":{\"width\":\"1000\",\"height\":\"null\"},\"quality\":\"70%\",\"upsize\":true,\"thumbnails\":[{\"name\":\"small\",\"scale\":\"25%\"}]}',7),(36,5,'slug','text','Slug',1,0,1,1,1,1,'{\"slugify\":{\"origin\":\"title\",\"forceUpdate\":true},\"validation\":{\"rule\":\"unique:posts,slug\"}}',8),(37,5,'meta_description','text_area','Meta Description',0,0,1,1,1,1,'{}',9),(38,5,'meta_keywords','text_area','Meta Keywords',0,0,1,1,1,1,'{}',10),(39,5,'status','select_dropdown','Status',1,1,1,1,1,1,'{\"default\":\"DRAFT\",\"options\":{\"PUBLISHED\":\"published\",\"DRAFT\":\"draft\",\"PENDING\":\"pending\"}}',11),(40,5,'created_at','timestamp','Created At',0,1,1,0,0,0,'{}',12),(41,5,'updated_at','timestamp','Updated At',0,0,0,0,0,0,'{}',13),(42,5,'seo_title','text','SEO Title',0,0,1,1,1,1,'{}',15),(43,5,'featured','checkbox','Featured',1,0,1,1,1,1,'{}',16),(44,6,'id','number','ID',1,0,0,0,0,0,'{}',1),(45,6,'author_id','text','Author',1,0,0,0,0,0,'{}',2),(46,6,'title','text','Title',1,1,1,1,1,1,'{}',3),(47,6,'excerpt','text_area','Excerpt',0,0,1,1,1,1,'{}',4),(48,6,'body','rich_text_box','Body',0,0,1,1,1,1,'{}',5),(49,6,'slug','text','Slug',1,0,1,1,1,1,'{\"slugify\":{\"origin\":\"title\"},\"validation\":{\"rule\":\"unique:pages,slug\"}}',6),(50,6,'meta_description','text','Meta Description',0,0,1,1,1,1,'{}',7),(51,6,'meta_keywords','text','Meta Keywords',0,0,1,1,1,1,'{}',8),(52,6,'status','select_dropdown','Status',1,1,1,1,1,1,'{\"default\":\"INACTIVE\",\"options\":{\"INACTIVE\":\"INACTIVE\",\"ACTIVE\":\"ACTIVE\"}}',9),(53,6,'created_at','timestamp','Created At',0,1,1,0,0,0,'{}',12),(54,6,'updated_at','timestamp','Updated At',0,0,0,0,0,0,'{}',13),(55,6,'image','image','Page Image',0,1,1,1,1,1,'{\"resize\":{\"width\":\"1000\",\"height\":\"null\"},\"quality\":\"70%\",\"upsize\":true,\"thumbnails\":[{\"name\":\"small\",\"scale\":\"25%\"}]}',11),(67,6,'headline','checkbox','Set as Headline',0,0,1,1,1,1,'{}',10),(68,5,'headline','checkbox','Set as Headline',0,0,1,1,1,1,'{}',14),(69,13,'id','text','Id',1,0,0,0,0,0,'{}',1),(70,13,'author_id','text','Author',1,0,1,1,0,1,'{}',2),(71,13,'title','text','Title',1,1,1,1,1,1,'{}',3),(72,13,'seo_title','text','Seo Title',0,0,0,0,0,0,'{}',13),(73,13,'excerpt','text_area','Excerpt',0,0,1,1,1,1,'{}',11),(74,13,'body','rich_text_box','Body',1,0,1,1,1,1,'{}',12),(75,13,'image','image','Image',0,1,1,1,1,1,'{\"resize\":{\"width\":\"1000\",\"height\":\"null\"},\"quality\":\"70%\",\"upsize\":true,\"thumbnails\":[{\"name\":\"small\",\"scale\":\"25%\"}]}',6),(76,13,'slug','text','Slug',1,0,1,1,1,1,'{\"slugify\":{\"origin\":\"title\",\"forceUpdate\":true},\"validation\":{\"rule\":\"unique:events,slug\"},\"display\":{\"width\":\"3\"}}',7),(77,13,'meta_description','text_area','Meta Description',0,0,0,0,0,0,'{}',14),(78,13,'meta_keywords','text_area','Meta Keywords',0,0,0,0,0,0,'{}',15),(79,13,'status','select_dropdown','Status',1,1,1,1,1,1,'{\"default\":\"DRAFT\",\"options\":{\"PUBLISHED\":\"published\",\"DRAFT\":\"draft\",\"PENDING\":\"pending\"},\"display\":{\"width\":\"3\"}}',8),(80,13,'headline','checkbox','Set as Headline',0,0,1,1,1,1,'{}',10),(81,13,'event_date','date','Event Start Date',1,1,1,1,1,1,'{\"display\":{\"width\":\"3\"}}',4),(82,13,'location','text_area','Location',1,1,1,1,1,1,'{}',9),(83,13,'created_at','timestamp','Created At',0,1,1,0,0,0,'{}',16),(84,13,'updated_at','timestamp','Updated At',0,0,0,0,0,0,'{}',17),(85,15,'id','text','Id',1,0,0,0,0,0,'{}',1),(86,15,'nama_album','text','Nama Album',0,1,1,1,1,1,'{}',2),(87,15,'created_at','timestamp','Created At',0,1,1,0,0,0,'{}',3),(88,15,'updated_at','timestamp','Updated At',0,0,0,0,0,0,'{}',4),(89,15,'status','select_dropdown','Status',1,1,1,1,1,1,'{\"default\":\"PUBLISHED\",\"options\":{\"UNPUBLISHED\":\"UNPUBLISHED\",\"PUBLISHED\":\"PUBLISHED\"}}',5),(90,16,'id','text','Id',1,0,0,0,0,0,'{}',1),(91,16,'album_id','text','Album Id',1,0,0,1,1,0,'{}',2),(92,16,'title','text','Title',1,1,1,1,1,1,'{}',3),(94,16,'description','text_area','Description',0,0,1,1,1,1,'{}',5),(95,16,'created_at','timestamp','Created At',0,1,1,1,0,1,'{}',6),(96,16,'updated_at','timestamp','Updated At',0,0,0,0,0,0,'{}',7),(97,16,'author_id','text','Author Id',0,0,0,0,0,0,'{}',8),(100,15,'author_id','text','Author Id',0,0,0,0,0,0,'{}',6),(105,16,'photo_belongsto_album_relationship','relationship','Nama Album',0,1,1,1,1,1,'{\"model\":\"App\\\\Models\\\\Album\",\"table\":\"albums\",\"type\":\"belongsTo\",\"column\":\"album_id\",\"key\":\"id\",\"label\":\"nama_album\",\"pivot_table\":\"albums\",\"pivot\":\"0\",\"taggable\":\"0\"}',10),(106,16,'file','image','File',1,1,1,1,1,1,'{\"resize\":{\"width\":\"1000\",\"height\":\"null\"},\"quality\":\"70%\",\"upsize\":true,\"thumbnails\":[{\"name\":\"small\",\"scale\":\"25%\"}]}',4),(109,15,'thumbnail_file','image','Thumbnail File',0,1,1,1,1,1,'{\"resize\":{\"width\":\"1000\",\"height\":\"null\"},\"quality\":\"70%\",\"upsize\":true,\"thumbnails\":[{\"name\":\"small\",\"scale\":\"25%\"}]}',7),(110,13,'event_end_date','date','Event End Date',0,1,1,1,1,1,'{\"display\":{\"width\":\"3\"}}',5),(111,15,'slug','text','Slug',0,1,1,1,1,1,'{\"slugify\":{\"origin\":\"nama_album\",\"forceUpdate\":true},\"validation\":{\"rule\":\"unique:albums,slug\"}}',8);
/*!40000 ALTER TABLE `data_rows` ENABLE KEYS */;
UNLOCK TABLES;

--
-- Table structure for table `data_types`
--

DROP TABLE IF EXISTS `data_types`;
/*!40101 SET @saved_cs_client     = @@character_set_client */;
/*!50503 SET character_set_client = utf8mb4 */;
CREATE TABLE `data_types` (
  `id` int unsigned NOT NULL AUTO_INCREMENT,
  `name` varchar(255) CHARACTER SET utf8mb4 COLLATE utf8mb4_unicode_ci NOT NULL,
  `slug` varchar(255) CHARACTER SET utf8mb4 COLLATE utf8mb4_unicode_ci NOT NULL,
  `display_name_singular` varchar(255) CHARACTER SET utf8mb4 COLLATE utf8mb4_unicode_ci NOT NULL,
  `display_name_plural` varchar(255) CHARACTER SET utf8mb4 COLLATE utf8mb4_unicode_ci NOT NULL,
  `icon` varchar(255) CHARACTER SET utf8mb4 COLLATE utf8mb4_unicode_ci DEFAULT NULL,
  `model_name` varchar(255) CHARACTER SET utf8mb4 COLLATE utf8mb4_unicode_ci DEFAULT NULL,
  `policy_name` varchar(255) CHARACTER SET utf8mb4 COLLATE utf8mb4_unicode_ci DEFAULT NULL,
  `controller` varchar(255) CHARACTER SET utf8mb4 COLLATE utf8mb4_unicode_ci DEFAULT NULL,
  `description` varchar(255) CHARACTER SET utf8mb4 COLLATE utf8mb4_unicode_ci DEFAULT NULL,
  `generate_permissions` tinyint(1) NOT NULL DEFAULT '0',
  `server_side` tinyint NOT NULL DEFAULT '0',
  `details` text CHARACTER SET utf8mb4 COLLATE utf8mb4_unicode_ci,
  `created_at` timestamp NULL DEFAULT NULL,
  `updated_at` timestamp NULL DEFAULT NULL,
  PRIMARY KEY (`id`),
  UNIQUE KEY `data_types_name_unique` (`name`),
  UNIQUE KEY `data_types_slug_unique` (`slug`)
) ENGINE=InnoDB AUTO_INCREMENT=17 DEFAULT CHARSET=utf8mb4 COLLATE=utf8mb4_unicode_ci;
/*!40101 SET character_set_client = @saved_cs_client */;

--
-- Dumping data for table `data_types`
--

LOCK TABLES `data_types` WRITE;
/*!40000 ALTER TABLE `data_types` DISABLE KEYS */;
INSERT INTO `data_types` VALUES (1,'users','users','User','Users','voyager-person','TCG\\Voyager\\Models\\User','TCG\\Voyager\\Policies\\UserPolicy','TCG\\Voyager\\Http\\Controllers\\VoyagerUserController','',1,0,NULL,'2020-11-05 19:41:45','2020-11-05 19:41:45'),(2,'menus','menus','Menu','Menus','voyager-list','TCG\\Voyager\\Models\\Menu',NULL,'','',1,0,NULL,'2020-11-05 19:41:45','2020-11-05 19:41:45'),(3,'roles','roles','Role','Roles','voyager-lock','TCG\\Voyager\\Models\\Role',NULL,'TCG\\Voyager\\Http\\Controllers\\VoyagerRoleController','',1,0,NULL,'2020-11-05 19:41:45','2020-11-05 19:41:45'),(4,'categories','categories','Category','Categories','voyager-categories','TCG\\Voyager\\Models\\Category',NULL,NULL,NULL,1,0,'{\"order_column\":null,\"order_display_column\":null,\"order_direction\":\"desc\",\"default_search_key\":null,\"scope\":null}','2020-11-05 19:41:46','2020-11-08 16:34:09'),(5,'posts','posts','Post','Posts','voyager-news','TCG\\Voyager\\Models\\Post','TCG\\Voyager\\Policies\\PostPolicy',NULL,NULL,1,0,'{\"order_column\":null,\"order_display_column\":null,\"order_direction\":\"desc\",\"default_search_key\":null,\"scope\":null}','2020-11-05 19:41:46','2020-12-01 06:30:43'),(6,'pages','pages','Page','Pages','voyager-file-text','TCG\\Voyager\\Models\\Page',NULL,NULL,NULL,1,0,'{\"order_column\":null,\"order_display_column\":null,\"order_direction\":\"desc\",\"default_search_key\":null,\"scope\":null}','2020-11-05 19:41:46','2020-11-30 15:51:50'),(13,'events','events','Event','Events',NULL,'App\\Models\\Events',NULL,NULL,NULL,1,0,'{\"order_column\":null,\"order_display_column\":null,\"order_direction\":\"desc\",\"default_search_key\":null,\"scope\":null}','2020-11-11 12:26:22','2020-11-30 15:51:22'),(15,'albums','albums','Album','Albums',NULL,'App\\Models\\Album',NULL,NULL,NULL,1,0,'{\"order_column\":null,\"order_display_column\":null,\"order_direction\":\"asc\",\"default_search_key\":null,\"scope\":null}','2020-11-11 15:52:17','2020-11-30 15:52:24'),(16,'photos','photos','Photo','Photos','voyager-camera','App\\Models\\Photo',NULL,NULL,NULL,1,0,'{\"order_column\":null,\"order_display_column\":null,\"order_direction\":\"asc\",\"default_search_key\":null,\"scope\":null}','2020-11-11 16:43:07','2020-11-30 15:52:56');
/*!40000 ALTER TABLE `data_types` ENABLE KEYS */;
UNLOCK TABLES;

--
-- Table structure for table `events`
--

DROP TABLE IF EXISTS `events`;
/*!40101 SET @saved_cs_client     = @@character_set_client */;
/*!50503 SET character_set_client = utf8mb4 */;
CREATE TABLE `events` (
  `id` int unsigned NOT NULL AUTO_INCREMENT,
  `author_id` int NOT NULL,
  `title` varchar(255) CHARACTER SET utf8mb4 COLLATE utf8mb4_unicode_ci NOT NULL,
  `seo_title` varchar(255) CHARACTER SET utf8mb4 COLLATE utf8mb4_unicode_ci DEFAULT NULL,
  `excerpt` text CHARACTER SET utf8mb4 COLLATE utf8mb4_unicode_ci,
  `body` text CHARACTER SET utf8mb4 COLLATE utf8mb4_unicode_ci NOT NULL,
  `image` varchar(255) CHARACTER SET utf8mb4 COLLATE utf8mb4_unicode_ci DEFAULT NULL,
  `slug` varchar(255) CHARACTER SET utf8mb4 COLLATE utf8mb4_unicode_ci NOT NULL,
  `meta_description` text CHARACTER SET utf8mb4 COLLATE utf8mb4_unicode_ci,
  `meta_keywords` text CHARACTER SET utf8mb4 COLLATE utf8mb4_unicode_ci,
  `status` varchar(255) CHARACTER SET utf8mb4 COLLATE utf8mb4_unicode_ci NOT NULL DEFAULT 'DRAFT',
  `headline` tinyint DEFAULT '0',
  `event_date` date NOT NULL DEFAULT '2020-11-11',
  `location` varchar(255) CHARACTER SET utf8mb4 COLLATE utf8mb4_unicode_ci NOT NULL,
  `created_at` timestamp NULL DEFAULT NULL,
  `updated_at` timestamp NULL DEFAULT NULL,
  `event_end_date` date DEFAULT NULL,
  PRIMARY KEY (`id`),
  UNIQUE KEY `events_slug_unique` (`slug`)
) ENGINE=InnoDB AUTO_INCREMENT=3 DEFAULT CHARSET=utf8mb4 COLLATE=utf8mb4_unicode_ci;
/*!40101 SET character_set_client = @saved_cs_client */;

--
-- Dumping data for table `events`
--

LOCK TABLES `events` WRITE;
/*!40000 ALTER TABLE `events` DISABLE KEYS */;
INSERT INTO `events` VALUES (1,1,'Perayaan HUT Ke 150 Tahun',NULL,NULL,'<p style=\"margin: 0px 0px 15px; padding: 0px; text-align: justify; color: #000000; font-family: \'Open Sans\', Arial, sans-serif;\">Lorem ipsum dolor sit amet, consectetur adipiscing elit. Sed odio leo, porttitor imperdiet nisl laoreet, auctor semper dui. Curabitur euismod lorem in augue pretium viverra. Suspendisse facilisis dignissim elit eu accumsan. Duis faucibus dui lacus, vitae pretium dui pretium ultrices. Phasellus dictum vitae elit eu vehicula. Nullam et eleifend enim. Vivamus ullamcorper imperdiet lobortis. Phasellus et leo lacus. Donec vestibulum felis ante, ac volutpat justo bibendum in. Donec nec sollicitudin quam. Nam non ligula non lectus dictum rhoncus vitae vel orci. Nam pretium leo mauris, quis pretium arcu luctus vitae. Sed rhoncus nisi id metus dapibus pharetra et a tortor. Aliquam metus neque, molestie quis erat ut, ultrices hendrerit ligula.</p>\r\n<p style=\"margin: 0px 0px 15px; padding: 0px; text-align: justify; color: #000000; font-family: \'Open Sans\', Arial, sans-serif;\">Morbi in sapien leo. Quisque auctor blandit iaculis. Vivamus porttitor et magna eu venenatis. Aliquam eros lectus, sodales nec risus in, semper sagittis orci. Fusce quis tellus at sem mattis euismod vitae in tortor. Sed euismod, metus vitae euismod ornare, urna nisi pretium augue, sed varius magna metus nec mi. Curabitur pharetra semper facilisis. Mauris commodo turpis ut erat sodales, eu condimentum est pellentesque. Praesent id posuere libero, ut facilisis elit.</p>\r\n<p style=\"margin: 0px 0px 15px; padding: 0px; text-align: justify; color: #000000; font-family: \'Open Sans\', Arial, sans-serif;\">Interdum et malesuada fames ac ante ipsum primis in faucibus. In ac lacus sapien. Orci varius natoque penatibus et magnis dis parturient montes, nascetur ridiculus mus. Donec pharetra purus in malesuada imperdiet. Phasellus in posuere purus. Etiam malesuada volutpat lorem, at auctor metus interdum id. Nullam sit amet nisl sed justo sollicitudin mollis. Nullam elit est, hendrerit vel congue in, malesuada nec ante. Nullam et leo lacinia, volutpat mi ut, volutpat sapien. Morbi mollis dignissim ipsum eget commodo. Phasellus nisi lorem, auctor id volutpat nec, commodo pharetra justo. Aenean vel nisl vitae est laoreet luctus non sit amet eros. Pellentesque suscipit tellus erat, id faucibus leo efficitur ut. Vivamus nec massa elementum, imperdiet quam vitae, posuere sem. Nulla finibus eget neque vel molestie. In ut dignissim diam.</p>\r\n<p style=\"margin: 0px 0px 15px; padding: 0px; text-align: justify; color: #000000; font-family: \'Open Sans\', Arial, sans-serif;\">Class aptent taciti sociosqu ad litora torquent per conubia nostra, per inceptos himenaeos. Sed facilisis suscipit dolor, id ultrices ex aliquam a. Proin eget ultricies ante. Morbi lacus mauris, pulvinar ac molestie et, dignissim ut tortor. In faucibus justo commodo diam volutpat, nec porttitor leo pharetra. Nunc ullamcorper auctor efficitur. Curabitur ornare tellus sapien, nec sagittis velit pretium id.</p>\r\n<p style=\"margin: 0px 0px 15px; padding: 0px; text-align: justify; color: #000000; font-family: \'Open Sans\', Arial, sans-serif;\">Fusce eu velit ut orci lacinia venenatis sed nec orci. Integer elementum diam quis pellentesque facilisis. Nunc ullamcorper elit non ipsum faucibus, id elementum lectus fringilla. Duis massa quam, hendrerit eget vehicula quis, convallis vitae arcu. Nulla tempor bibendum ultrices. Ut tincidunt placerat lacus, eget imperdiet purus faucibus id. Nam pretium quam rutrum augue suscipit, vel euismod quam posuere. Donec lobortis convallis ultrices. Nam ultrices mattis ornare. Praesent eu elit ut ligula efficitur interdum. Aliquam erat volutpat.</p>',NULL,'perayaan-hut-ke-150-tahun',NULL,NULL,'PUBLISHED',1,'2020-11-20','SD Marsudirini Gedangan\r\nJl. Ronggowarsito No.08 Semarang','2020-11-11 13:18:05','2020-11-11 13:18:05',NULL),(2,1,'Perayaan Natal Tahun 2020',NULL,NULL,'<p style=\"margin: 0px 0px 15px; padding: 0px; text-align: justify; color: #000000; font-family: \'Open Sans\', Arial, sans-serif;\">Lorem ipsum dolor sit amet, consectetur adipiscing elit. Sed odio leo, porttitor imperdiet nisl laoreet, auctor semper dui. Curabitur euismod lorem in augue pretium viverra. Suspendisse facilisis dignissim elit eu accumsan. Duis faucibus dui lacus, vitae pretium dui pretium ultrices. Phasellus dictum vitae elit eu vehicula. Nullam et eleifend enim. Vivamus ullamcorper imperdiet lobortis. Phasellus et leo lacus. Donec vestibulum felis ante, ac volutpat justo bibendum in. Donec nec sollicitudin quam. Nam non ligula non lectus dictum rhoncus vitae vel orci. Nam pretium leo mauris, quis pretium arcu luctus vitae. Sed rhoncus nisi id metus dapibus pharetra et a tortor. Aliquam metus neque, molestie quis erat ut, ultrices hendrerit ligula.</p>\r\n<p style=\"margin: 0px 0px 15px; padding: 0px; text-align: justify; color: #000000; font-family: \'Open Sans\', Arial, sans-serif;\">Morbi in sapien leo. Quisque auctor blandit iaculis. Vivamus porttitor et magna eu venenatis. Aliquam eros lectus, sodales nec risus in, semper sagittis orci. Fusce quis tellus at sem mattis euismod vitae in tortor. Sed euismod, metus vitae euismod ornare, urna nisi pretium augue, sed varius magna metus nec mi. Curabitur pharetra semper facilisis. Mauris commodo turpis ut erat sodales, eu condimentum est pellentesque. Praesent id posuere libero, ut facilisis elit.</p>\r\n<p style=\"margin: 0px 0px 15px; padding: 0px; text-align: justify; color: #000000; font-family: \'Open Sans\', Arial, sans-serif;\">Interdum et malesuada fames ac ante ipsum primis in faucibus. In ac lacus sapien. Orci varius natoque penatibus et magnis dis parturient montes, nascetur ridiculus mus. Donec pharetra purus in malesuada imperdiet. Phasellus in posuere purus. Etiam malesuada volutpat lorem, at auctor metus interdum id. Nullam sit amet nisl sed justo sollicitudin mollis. Nullam elit est, hendrerit vel congue in, malesuada nec ante. Nullam et leo lacinia, volutpat mi ut, volutpat sapien. Morbi mollis dignissim ipsum eget commodo. Phasellus nisi lorem, auctor id volutpat nec, commodo pharetra justo. Aenean vel nisl vitae est laoreet luctus non sit amet eros. Pellentesque suscipit tellus erat, id faucibus leo efficitur ut. Vivamus nec massa elementum, imperdiet quam vitae, posuere sem. Nulla finibus eget neque vel molestie. In ut dignissim diam.</p>\r\n<p style=\"margin: 0px 0px 15px; padding: 0px; text-align: justify; color: #000000; font-family: \'Open Sans\', Arial, sans-serif;\">Class aptent taciti sociosqu ad litora torquent per conubia nostra, per inceptos himenaeos. Sed facilisis suscipit dolor, id ultrices ex aliquam a. Proin eget ultricies ante. Morbi lacus mauris, pulvinar ac molestie et, dignissim ut tortor. In faucibus justo commodo diam volutpat, nec porttitor leo pharetra. Nunc ullamcorper auctor efficitur. Curabitur ornare tellus sapien, nec sagittis velit pretium id.</p>\r\n<p style=\"margin: 0px 0px 15px; padding: 0px; text-align: justify; color: #000000; font-family: \'Open Sans\', Arial, sans-serif;\">Fusce eu velit ut orci lacinia venenatis sed nec orci. Integer elementum diam quis pellentesque facilisis. Nunc ullamcorper elit non ipsum faucibus, id elementum lectus fringilla. Duis massa quam, hendrerit eget vehicula quis, convallis vitae arcu. Nulla tempor bibendum ultrices. Ut tincidunt placerat lacus, eget imperdiet purus faucibus id. Nam pretium quam rutrum augue suscipit, vel euismod quam posuere. Donec lobortis convallis ultrices. Nam ultrices mattis ornare. Praesent eu elit ut ligula efficitur interdum. Aliquam erat volutpat.</p>',NULL,'perayaan-natal-tahun-2020',NULL,NULL,'PUBLISHED',1,'2020-12-25','Contoh location\r\nyang lumayan panjang dan memiliki\r\ntiga baris','2020-11-11 13:20:57','2020-11-19 22:17:34',NULL);
/*!40000 ALTER TABLE `events` ENABLE KEYS */;
UNLOCK TABLES;

--
-- Table structure for table `failed_jobs`
--

DROP TABLE IF EXISTS `failed_jobs`;
/*!40101 SET @saved_cs_client     = @@character_set_client */;
/*!50503 SET character_set_client = utf8mb4 */;
CREATE TABLE `failed_jobs` (
  `id` bigint unsigned NOT NULL AUTO_INCREMENT,
  `uuid` varchar(255) CHARACTER SET utf8mb4 COLLATE utf8mb4_unicode_ci NOT NULL,
  `connection` text CHARACTER SET utf8mb4 COLLATE utf8mb4_unicode_ci NOT NULL,
  `queue` text CHARACTER SET utf8mb4 COLLATE utf8mb4_unicode_ci NOT NULL,
  `payload` longtext CHARACTER SET utf8mb4 COLLATE utf8mb4_unicode_ci NOT NULL,
  `exception` longtext CHARACTER SET utf8mb4 COLLATE utf8mb4_unicode_ci NOT NULL,
  `failed_at` timestamp NOT NULL DEFAULT CURRENT_TIMESTAMP,
  PRIMARY KEY (`id`),
  UNIQUE KEY `failed_jobs_uuid_unique` (`uuid`)
) ENGINE=InnoDB DEFAULT CHARSET=utf8mb4 COLLATE=utf8mb4_unicode_ci;
/*!40101 SET character_set_client = @saved_cs_client */;

--
-- Dumping data for table `failed_jobs`
--

LOCK TABLES `failed_jobs` WRITE;
/*!40000 ALTER TABLE `failed_jobs` DISABLE KEYS */;
/*!40000 ALTER TABLE `failed_jobs` ENABLE KEYS */;
UNLOCK TABLES;

--
-- Table structure for table `media`
--

DROP TABLE IF EXISTS `media`;
/*!40101 SET @saved_cs_client     = @@character_set_client */;
/*!50503 SET character_set_client = utf8mb4 */;
CREATE TABLE `media` (
  `id` bigint unsigned NOT NULL AUTO_INCREMENT,
  `model_type` varchar(255) CHARACTER SET utf8mb4 COLLATE utf8mb4_unicode_ci NOT NULL,
  `model_id` bigint unsigned NOT NULL,
  `uuid` char(36) CHARACTER SET utf8mb4 COLLATE utf8mb4_unicode_ci DEFAULT NULL,
  `collection_name` varchar(255) CHARACTER SET utf8mb4 COLLATE utf8mb4_unicode_ci NOT NULL,
  `name` varchar(255) CHARACTER SET utf8mb4 COLLATE utf8mb4_unicode_ci NOT NULL,
  `file_name` varchar(255) CHARACTER SET utf8mb4 COLLATE utf8mb4_unicode_ci NOT NULL,
  `mime_type` varchar(255) CHARACTER SET utf8mb4 COLLATE utf8mb4_unicode_ci DEFAULT NULL,
  `disk` varchar(255) CHARACTER SET utf8mb4 COLLATE utf8mb4_unicode_ci NOT NULL,
  `conversions_disk` varchar(255) CHARACTER SET utf8mb4 COLLATE utf8mb4_unicode_ci DEFAULT NULL,
  `size` bigint unsigned NOT NULL,
  `manipulations` longtext CHARACTER SET utf8mb4 COLLATE utf8mb4_bin NOT NULL,
  `custom_properties` longtext CHARACTER SET utf8mb4 COLLATE utf8mb4_bin NOT NULL,
  `responsive_images` longtext CHARACTER SET utf8mb4 COLLATE utf8mb4_bin NOT NULL,
  `order_column` int unsigned DEFAULT NULL,
  `created_at` timestamp NULL DEFAULT NULL,
  `updated_at` timestamp NULL DEFAULT NULL,
  PRIMARY KEY (`id`),
  KEY `media_model_type_model_id_index` (`model_type`,`model_id`)
) ENGINE=InnoDB DEFAULT CHARSET=utf8mb4 COLLATE=utf8mb4_unicode_ci;
/*!40101 SET character_set_client = @saved_cs_client */;

--
-- Dumping data for table `media`
--

LOCK TABLES `media` WRITE;
/*!40000 ALTER TABLE `media` DISABLE KEYS */;
/*!40000 ALTER TABLE `media` ENABLE KEYS */;
UNLOCK TABLES;

--
-- Table structure for table `menu_items`
--

DROP TABLE IF EXISTS `menu_items`;
/*!40101 SET @saved_cs_client     = @@character_set_client */;
/*!50503 SET character_set_client = utf8mb4 */;
CREATE TABLE `menu_items` (
  `id` int unsigned NOT NULL AUTO_INCREMENT,
  `menu_id` int unsigned DEFAULT NULL,
  `status` tinyint NOT NULL DEFAULT '1',
  `title` varchar(255) CHARACTER SET utf8mb4 COLLATE utf8mb4_unicode_ci NOT NULL,
  `url` varchar(255) CHARACTER SET utf8mb4 COLLATE utf8mb4_unicode_ci NOT NULL,
  `target` varchar(255) CHARACTER SET utf8mb4 COLLATE utf8mb4_unicode_ci NOT NULL DEFAULT '_self',
  `icon_class` varchar(255) CHARACTER SET utf8mb4 COLLATE utf8mb4_unicode_ci DEFAULT NULL,
  `color` varchar(255) CHARACTER SET utf8mb4 COLLATE utf8mb4_unicode_ci DEFAULT NULL,
  `parent_id` int DEFAULT NULL,
  `order` int NOT NULL,
  `created_at` timestamp NULL DEFAULT NULL,
  `updated_at` timestamp NULL DEFAULT NULL,
  `route` varchar(255) CHARACTER SET utf8mb4 COLLATE utf8mb4_unicode_ci DEFAULT NULL,
  `parameters` text CHARACTER SET utf8mb4 COLLATE utf8mb4_unicode_ci,
  PRIMARY KEY (`id`),
  KEY `menu_items_menu_id_foreign` (`menu_id`),
  CONSTRAINT `menu_items_menu_id_foreign` FOREIGN KEY (`menu_id`) REFERENCES `menus` (`id`) ON DELETE CASCADE
) ENGINE=InnoDB AUTO_INCREMENT=37 DEFAULT CHARSET=utf8mb4 COLLATE=utf8mb4_unicode_ci;
/*!40101 SET character_set_client = @saved_cs_client */;

--
-- Dumping data for table `menu_items`
--

LOCK TABLES `menu_items` WRITE;
/*!40000 ALTER TABLE `menu_items` DISABLE KEYS */;
INSERT INTO `menu_items` VALUES (1,1,1,'Dashboard','','_self','voyager-boat',NULL,NULL,1,'2020-11-05 19:41:46','2020-11-05 19:41:46','voyager.dashboard',NULL),(2,1,1,'Media','','_self','voyager-images','#000000',NULL,10,'2020-11-05 19:41:46','2020-11-19 21:18:00',NULL,'null'),(3,1,1,'Users','','_self','voyager-person',NULL,NULL,5,'2020-11-05 19:41:46','2020-11-19 21:17:50','voyager.users.index',NULL),(4,1,1,'Roles','','_self','voyager-lock',NULL,NULL,4,'2020-11-05 19:41:46','2020-11-19 21:17:50','voyager.roles.index',NULL),(5,1,1,'Tools','','_self','voyager-tools',NULL,NULL,11,'2020-11-05 19:41:46','2020-11-19 21:17:50',NULL,NULL),(6,1,1,'Menu Builder','','_self','voyager-list',NULL,5,1,'2020-11-05 19:41:46','2020-11-06 22:54:25','voyager.menus.index',NULL),(7,1,1,'Database','','_self','voyager-data',NULL,5,2,'2020-11-05 19:41:46','2020-11-06 22:54:25','voyager.database.index',NULL),(8,1,1,'Compass','','_self','voyager-compass',NULL,5,3,'2020-11-05 19:41:46','2020-11-06 22:54:25','voyager.compass.index',NULL),(9,1,1,'BREAD','','_self','voyager-bread',NULL,5,4,'2020-11-05 19:41:46','2020-11-06 22:54:25','voyager.bread.index',NULL),(10,1,1,'Settings','','_self','voyager-settings',NULL,NULL,12,'2020-11-05 19:41:46','2020-11-19 21:17:50','voyager.settings.index',NULL),(11,1,1,'Categories','','_self','voyager-categories',NULL,NULL,6,'2020-11-05 19:41:46','2020-11-19 21:18:07','voyager.categories.index',NULL),(12,1,1,'Posts','','_self','voyager-news',NULL,NULL,7,'2020-11-05 19:41:46','2020-11-19 21:18:07','voyager.posts.index',NULL),(13,1,1,'Pages','','_self','voyager-file-text','#000000',NULL,9,'2020-11-05 19:41:46','2020-11-19 21:18:02',NULL,'null'),(14,1,1,'Hooks','','_self','voyager-hook',NULL,5,5,'2020-11-05 19:41:47','2020-11-06 22:54:25','voyager.hooks',NULL),(15,2,1,'Profil Sekolah','','_self',NULL,'#000000',NULL,1,'2020-11-05 19:52:52','2020-11-19 01:57:58',NULL,''),(16,2,1,'Fasilitas','gallery/fasilitas','_self',NULL,'#000000',NULL,2,'2020-11-05 19:53:01','2020-11-19 22:31:40',NULL,''),(17,2,1,'Akademik','','_self',NULL,'#000000',NULL,3,'2020-11-05 19:53:10','2020-11-05 19:55:04',NULL,''),(18,2,1,'Kegiatan','','_self',NULL,'#000000',NULL,4,'2020-11-05 19:53:23','2020-11-05 19:55:04',NULL,''),(19,2,1,'Pendaftaran','page/pendaftaran-siswa-baru','_self',NULL,'#000000',NULL,5,'2020-11-05 19:53:35','2020-11-28 12:41:33',NULL,''),(20,2,1,'Alumni','page/alumni','_self',NULL,'#000000',NULL,6,'2020-11-05 19:53:49','2020-11-19 22:15:49',NULL,''),(21,2,1,'Sejarah','page/sejarah','_self',NULL,'#000000',15,1,'2020-11-05 19:54:19','2020-11-19 21:01:49',NULL,''),(22,2,1,'Visi & Misi','page/visi-dan-misi','_self',NULL,'#000000',15,2,'2020-11-05 19:54:32','2020-11-19 21:22:01',NULL,''),(23,2,1,'Mars Sekolah','page/mars-sekolah','_self',NULL,'#000000',15,4,'2020-11-05 19:54:42','2020-11-30 15:32:34',NULL,''),(24,2,1,'Guru & Karyawan','page/guru-dan-karyawan','_self',NULL,'#000000',15,5,'2020-11-05 19:54:53','2020-11-30 15:32:34',NULL,''),(28,1,1,'Events','','_self','voyager-logbook','#000000',NULL,8,'2020-11-11 12:26:22','2020-11-19 21:19:27','voyager.events.index','null'),(29,1,1,'Albums','','_self','voyager-images','#000000',NULL,2,'2020-11-11 15:52:17','2020-11-19 21:20:04','voyager.albums.index','null'),(30,1,1,'Photos','','_self','voyager-camera',NULL,NULL,3,'2020-11-11 16:43:07','2020-11-19 21:17:50','voyager.photos.index',NULL),(31,2,1,'Kurikulum','page/kurikulum','_self',NULL,'#000000',17,1,'2020-11-19 01:58:24','2020-11-19 22:13:56',NULL,''),(32,2,1,'Materi Pelajaran','page/materi-pelajaran','_self',NULL,'#000000',17,2,'2020-11-19 01:58:37','2020-11-19 22:15:11',NULL,''),(33,2,1,'Ekstrakurikuler','gallery/ekstrakulikuler','_self',NULL,'#000000',18,1,'2020-11-19 01:59:10','2020-12-01 10:31:46',NULL,''),(34,2,1,'Intrakulikuler','gallery/intrakulikuler','_self',NULL,'#000000',18,2,'2020-11-30 15:31:32','2020-12-01 10:32:29',NULL,''),(35,2,1,'Prestasi','gallery/prestasi','_self',NULL,'#000000',18,3,'2020-11-30 15:31:40','2020-12-01 10:32:45',NULL,''),(36,2,1,'Slogan Sekolah','page/values','_self',NULL,'#000000',15,3,'2020-11-30 15:32:25','2020-12-01 17:04:38',NULL,'');
/*!40000 ALTER TABLE `menu_items` ENABLE KEYS */;
UNLOCK TABLES;

--
-- Table structure for table `menus`
--

DROP TABLE IF EXISTS `menus`;
/*!40101 SET @saved_cs_client     = @@character_set_client */;
/*!50503 SET character_set_client = utf8mb4 */;
CREATE TABLE `menus` (
  `id` int unsigned NOT NULL AUTO_INCREMENT,
  `name` varchar(255) CHARACTER SET utf8mb4 COLLATE utf8mb4_unicode_ci NOT NULL,
  `created_at` timestamp NULL DEFAULT NULL,
  `updated_at` timestamp NULL DEFAULT NULL,
  PRIMARY KEY (`id`),
  UNIQUE KEY `menus_name_unique` (`name`)
) ENGINE=InnoDB AUTO_INCREMENT=4 DEFAULT CHARSET=utf8mb4 COLLATE=utf8mb4_unicode_ci;
/*!40101 SET character_set_client = @saved_cs_client */;

--
-- Dumping data for table `menus`
--

LOCK TABLES `menus` WRITE;
/*!40000 ALTER TABLE `menus` DISABLE KEYS */;
INSERT INTO `menus` VALUES (1,'admin','2020-11-05 19:41:46','2020-11-05 19:41:46'),(2,'guest','2020-11-05 19:52:30','2020-11-05 19:52:30');
/*!40000 ALTER TABLE `menus` ENABLE KEYS */;
UNLOCK TABLES;

--
-- Table structure for table `migrations`
--

DROP TABLE IF EXISTS `migrations`;
/*!40101 SET @saved_cs_client     = @@character_set_client */;
/*!50503 SET character_set_client = utf8mb4 */;
CREATE TABLE `migrations` (
  `id` int unsigned NOT NULL AUTO_INCREMENT,
  `migration` varchar(255) CHARACTER SET utf8mb4 COLLATE utf8mb4_unicode_ci NOT NULL,
  `batch` int NOT NULL,
  PRIMARY KEY (`id`)
) ENGINE=InnoDB AUTO_INCREMENT=30 DEFAULT CHARSET=utf8mb4 COLLATE=utf8mb4_unicode_ci;
/*!40101 SET character_set_client = @saved_cs_client */;

--
-- Dumping data for table `migrations`
--

LOCK TABLES `migrations` WRITE;
/*!40000 ALTER TABLE `migrations` DISABLE KEYS */;
INSERT INTO `migrations` VALUES (1,'2014_10_12_000000_create_users_table',1),(2,'2014_10_12_100000_create_password_resets_table',1),(3,'2016_01_01_000000_add_voyager_user_fields',1),(4,'2016_01_01_000000_create_data_types_table',1),(5,'2016_01_01_000000_create_pages_table',1),(6,'2016_01_01_000000_create_posts_table',1),(7,'2016_02_15_204651_create_categories_table',1),(8,'2016_05_19_173453_create_menu_table',1),(9,'2016_10_21_190000_create_roles_table',1),(10,'2016_10_21_190000_create_settings_table',1),(11,'2016_11_30_135954_create_permission_table',1),(12,'2016_11_30_141208_create_permission_role_table',1),(13,'2016_12_26_201236_data_types__add__server_side',1),(14,'2017_01_13_000000_add_route_to_menu_items_table',1),(15,'2017_01_14_005015_create_translations_table',1),(16,'2017_01_15_000000_make_table_name_nullable_in_permissions_table',1),(17,'2017_03_06_000000_add_controller_to_data_types_table',1),(18,'2017_04_11_000000_alter_post_nullable_fields_table',1),(19,'2017_04_21_000000_add_order_to_data_rows_table',1),(20,'2017_07_05_210000_add_policyname_to_data_types_table',1),(21,'2017_08_05_000000_add_group_to_settings_table',1),(22,'2017_11_26_013050_add_user_role_relationship',1),(23,'2017_11_26_015000_create_user_roles_table',1),(24,'2018_03_11_000000_add_user_settings',1),(25,'2018_03_14_000000_add_details_to_data_types_table',1),(26,'2018_03_16_000000_make_settings_value_nullable',1),(27,'2019_08_19_000000_create_failed_jobs_table',1),(28,'2020_04_27_000000_add_status_to_menu_items_table',1),(29,'2020_11_03_135901_create_media_table',1);
/*!40000 ALTER TABLE `migrations` ENABLE KEYS */;
UNLOCK TABLES;

--
-- Table structure for table `pages`
--

DROP TABLE IF EXISTS `pages`;
/*!40101 SET @saved_cs_client     = @@character_set_client */;
/*!50503 SET character_set_client = utf8mb4 */;
CREATE TABLE `pages` (
  `id` int unsigned NOT NULL AUTO_INCREMENT,
  `author_id` int NOT NULL,
  `title` varchar(255) CHARACTER SET utf8mb4 COLLATE utf8mb4_unicode_ci NOT NULL,
  `excerpt` text CHARACTER SET utf8mb4 COLLATE utf8mb4_unicode_ci,
  `body` text CHARACTER SET utf8mb4 COLLATE utf8mb4_unicode_ci,
  `image` varchar(255) CHARACTER SET utf8mb4 COLLATE utf8mb4_unicode_ci DEFAULT NULL,
  `slug` varchar(255) CHARACTER SET utf8mb4 COLLATE utf8mb4_unicode_ci NOT NULL,
  `meta_description` text CHARACTER SET utf8mb4 COLLATE utf8mb4_unicode_ci,
  `meta_keywords` text CHARACTER SET utf8mb4 COLLATE utf8mb4_unicode_ci,
  `status` enum('ACTIVE','INACTIVE') CHARACTER SET utf8mb4 COLLATE utf8mb4_unicode_ci NOT NULL DEFAULT 'INACTIVE',
  `created_at` timestamp NULL DEFAULT NULL,
  `updated_at` timestamp NULL DEFAULT NULL,
  `headline` tinyint DEFAULT '0',
  PRIMARY KEY (`id`),
  UNIQUE KEY `pages_slug_unique` (`slug`)
) ENGINE=InnoDB AUTO_INCREMENT=3 DEFAULT CHARSET=utf8mb4 COLLATE=utf8mb4_unicode_ci;
/*!40101 SET character_set_client = @saved_cs_client */;

--
-- Dumping data for table `pages`
--

LOCK TABLES `pages` WRITE;
/*!40000 ALTER TABLE `pages` DISABLE KEYS */;
INSERT INTO `pages` VALUES (2,1,'Selamat Datang di Sekolah Kami','Lorem, ipsum dolor sit amet consectetur adipisicing elit. Obcaecati omnis quam quia consectetur. Nobis culpa error, in aperiam asperiores at quae. Perspiciatis numquam praesentium molestiae, a illo corrupti voluptate eum! Keep you user engaged by providing meaningful information. Remember that by this time, the','<p style=\"margin: 0px 0px 15px; padding: 0px; text-align: justify; color: #000000; font-family: \'Open Sans\', Arial, sans-serif;\">Lorem ipsum dolor sit amet, consectetur adipiscing elit. Sed et justo ut elit ullamcorper semper porta at augue. Curabitur iaculis, purus nec ornare fermentum, nisl ante consectetur massa, at tincidunt diam nisi a odio. Morbi a consequat sapien, sit amet interdum tortor. Donec vulputate et ante quis lacinia. Nam a leo tempus felis blandit facilisis. Integer non molestie nisl. Pellentesque turpis velit, efficitur vitae lectus ut, tincidunt sodales magna.</p>\r\n<p style=\"margin: 0px 0px 15px; padding: 0px; text-align: justify; color: #000000; font-family: \'Open Sans\', Arial, sans-serif;\">Vivamus orci turpis, fermentum id rhoncus non, sollicitudin in nisl. Cras luctus purus ac efficitur cursus. Lorem ipsum dolor sit amet, consectetur adipiscing elit. Class aptent taciti sociosqu ad litora torquent per conubia nostra, per inceptos himenaeos. Pellentesque pretium vehicula bibendum. Nunc et nisi consequat, auctor turpis nec, vestibulum justo. In et eros et ligula porttitor dapibus condimentum semper augue.</p>\r\n<p style=\"margin: 0px 0px 15px; padding: 0px; text-align: justify; color: #000000; font-family: \'Open Sans\', Arial, sans-serif;\">Maecenas accumsan erat ex, in varius leo mollis tempor. Sed et pulvinar enim. Sed ut consequat velit. Quisque ullamcorper dolor non turpis consectetur, ac rhoncus dui vestibulum. Nam feugiat tortor urna, id tempor neque feugiat vel. Quisque et facilisis velit, eget ornare odio. Nam in lacus at turpis bibendum pharetra. Vestibulum sit amet accumsan purus. Praesent aliquam volutpat arcu ac vestibulum. Etiam maximus condimentum velit rutrum eleifend.</p>\r\n<p style=\"margin: 0px 0px 15px; padding: 0px; text-align: justify; color: #000000; font-family: \'Open Sans\', Arial, sans-serif;\">Ut mollis feugiat auctor. Morbi sed fringilla enim. Praesent cursus, augue aliquet placerat congue, justo dolor sollicitudin ex, vitae bibendum lectus justo quis mauris. Duis eget convallis ex, ut hendrerit sem. Donec quis tortor laoreet, varius arcu eget, viverra enim. Aliquam eget augue leo. Curabitur eget interdum tortor, id congue sem. Aliquam erat volutpat. Integer cursus diam sit amet odio imperdiet vestibulum. Praesent fringilla aliquet tellus, in molestie est eleifend eu. Fusce sit amet tortor leo. Sed elementum metus leo, quis ultricies odio tristique ac. Praesent eu odio tellus. Aliquam id varius velit. Nunc sagittis metus neque, at sagittis leo porta quis. Ut aliquet eget tortor nec bibendum.</p>\r\n<p style=\"margin: 0px 0px 15px; padding: 0px; text-align: justify; color: #000000; font-family: \'Open Sans\', Arial, sans-serif;\">Nullam non aliquet neque, ut fermentum mauris. Etiam pulvinar auctor cursus. Nullam scelerisque ac libero a blandit. Curabitur porttitor est a diam porta accumsan. Morbi sed nunc a sem venenatis ornare. Nullam nec viverra erat, sit amet malesuada libero. Integer velit purus, vestibulum ac interdum varius, malesuada id tellus. Sed accumsan nisl in purus volutpat, ut pretium libero consectetur.</p>\r\n<p style=\"margin: 0px 0px 15px; padding: 0px; text-align: justify; color: #000000; font-family: \'Open Sans\', Arial, sans-serif;\">Maecenas gravida vitae neque eget gravida. Phasellus pulvinar nulla ut leo lacinia, ut vestibulum metus auctor. Quisque aliquam lorem vitae enim volutpat dignissim vitae eu tortor. Nullam vel nisl sit amet orci aliquet tincidunt non ut dolor. Pellentesque blandit tortor massa. Praesent venenatis viverra erat, non elementum sapien imperdiet eu. Vestibulum iaculis velit sed imperdiet elementum. Donec pharetra, orci non euismod vulputate, dui felis fringilla massa, non egestas nisl arcu et dui. Duis consectetur dolor sagittis porttitor euismod. Phasellus enim arcu, tempor vitae libero id, tempus ultricies felis. Mauris turpis arcu, convallis vel gravida id, molestie sit amet ante. Donec et convallis felis. Aliquam purus nisl, malesuada vitae eros hendrerit, rhoncus vestibulum mi. Vivamus lacinia sagittis lacus a bibendum.</p>\r\n<p style=\"margin: 0px 0px 15px; padding: 0px; text-align: justify; color: #000000; font-family: \'Open Sans\', Arial, sans-serif;\">Suspendisse ac eleifend eros. Maecenas tempus mi sed nisl varius ullamcorper. Nullam sit amet justo a leo ultricies mollis eu non ex. Donec ornare, turpis a lobortis porttitor, nisi urna dictum mi, a molestie odio lorem et mauris. Phasellus eget erat vestibulum, venenatis magna ac, cursus odio. Suspendisse quis malesuada massa, ut consequat lectus. Nulla feugiat commodo mauris, sed porta felis laoreet non.</p>','pages\\November2020\\RWfzT1yhpTYMfFapX0VV.png','welcome','Selamat Datang di Sekolah Kami','Selamat Datang di Sekolah Kami','ACTIVE','2020-11-07 11:18:03','2020-11-07 11:25:47',1);
/*!40000 ALTER TABLE `pages` ENABLE KEYS */;
UNLOCK TABLES;

--
-- Table structure for table `password_resets`
--

DROP TABLE IF EXISTS `password_resets`;
/*!40101 SET @saved_cs_client     = @@character_set_client */;
/*!50503 SET character_set_client = utf8mb4 */;
CREATE TABLE `password_resets` (
  `email` varchar(255) CHARACTER SET utf8mb4 COLLATE utf8mb4_unicode_ci NOT NULL,
  `token` varchar(255) CHARACTER SET utf8mb4 COLLATE utf8mb4_unicode_ci NOT NULL,
  `created_at` timestamp NULL DEFAULT NULL,
  KEY `password_resets_email_index` (`email`)
) ENGINE=InnoDB DEFAULT CHARSET=utf8mb4 COLLATE=utf8mb4_unicode_ci;
/*!40101 SET character_set_client = @saved_cs_client */;

--
-- Dumping data for table `password_resets`
--

LOCK TABLES `password_resets` WRITE;
/*!40000 ALTER TABLE `password_resets` DISABLE KEYS */;
/*!40000 ALTER TABLE `password_resets` ENABLE KEYS */;
UNLOCK TABLES;

--
-- Table structure for table `permission_role`
--

DROP TABLE IF EXISTS `permission_role`;
/*!40101 SET @saved_cs_client     = @@character_set_client */;
/*!50503 SET character_set_client = utf8mb4 */;
CREATE TABLE `permission_role` (
  `permission_id` bigint unsigned NOT NULL,
  `role_id` bigint unsigned NOT NULL,
  PRIMARY KEY (`permission_id`,`role_id`),
  KEY `permission_role_permission_id_index` (`permission_id`),
  KEY `permission_role_role_id_index` (`role_id`),
  CONSTRAINT `permission_role_permission_id_foreign` FOREIGN KEY (`permission_id`) REFERENCES `permissions` (`id`) ON DELETE CASCADE,
  CONSTRAINT `permission_role_role_id_foreign` FOREIGN KEY (`role_id`) REFERENCES `roles` (`id`) ON DELETE CASCADE
) ENGINE=InnoDB DEFAULT CHARSET=utf8mb4 COLLATE=utf8mb4_unicode_ci;
/*!40101 SET character_set_client = @saved_cs_client */;

--
-- Dumping data for table `permission_role`
--

LOCK TABLES `permission_role` WRITE;
/*!40000 ALTER TABLE `permission_role` DISABLE KEYS */;
INSERT INTO `permission_role` VALUES (1,1),(2,1),(3,1),(4,1),(5,1),(6,1),(7,1),(8,1),(9,1),(10,1),(11,1),(12,1),(13,1),(14,1),(15,1),(16,1),(17,1),(18,1),(19,1),(20,1),(21,1),(22,1),(23,1),(24,1),(25,1),(26,1),(27,1),(28,1),(29,1),(30,1),(31,1),(32,1),(33,1),(34,1),(35,1),(36,1),(37,1),(38,1),(39,1),(40,1),(42,1),(43,1),(44,1),(45,1),(46,1),(57,1),(58,1),(59,1),(60,1),(61,1),(62,1),(63,1),(64,1),(65,1),(66,1),(67,1),(68,1),(69,1),(70,1),(71,1);
/*!40000 ALTER TABLE `permission_role` ENABLE KEYS */;
UNLOCK TABLES;

--
-- Table structure for table `permissions`
--

DROP TABLE IF EXISTS `permissions`;
/*!40101 SET @saved_cs_client     = @@character_set_client */;
/*!50503 SET character_set_client = utf8mb4 */;
CREATE TABLE `permissions` (
  `id` bigint unsigned NOT NULL AUTO_INCREMENT,
  `key` varchar(255) CHARACTER SET utf8mb4 COLLATE utf8mb4_unicode_ci NOT NULL,
  `table_name` varchar(255) CHARACTER SET utf8mb4 COLLATE utf8mb4_unicode_ci DEFAULT NULL,
  `created_at` timestamp NULL DEFAULT NULL,
  `updated_at` timestamp NULL DEFAULT NULL,
  PRIMARY KEY (`id`),
  KEY `permissions_key_index` (`key`)
) ENGINE=InnoDB AUTO_INCREMENT=72 DEFAULT CHARSET=utf8mb4 COLLATE=utf8mb4_unicode_ci;
/*!40101 SET character_set_client = @saved_cs_client */;

--
-- Dumping data for table `permissions`
--

LOCK TABLES `permissions` WRITE;
/*!40000 ALTER TABLE `permissions` DISABLE KEYS */;
INSERT INTO `permissions` VALUES (1,'browse_admin',NULL,'2020-11-05 19:41:46','2020-11-05 19:41:46'),(2,'browse_bread',NULL,'2020-11-05 19:41:46','2020-11-05 19:41:46'),(3,'browse_database',NULL,'2020-11-05 19:41:46','2020-11-05 19:41:46'),(4,'browse_media',NULL,'2020-11-05 19:41:46','2020-11-05 19:41:46'),(5,'browse_compass',NULL,'2020-11-05 19:41:46','2020-11-05 19:41:46'),(6,'browse_menus','menus','2020-11-05 19:41:46','2020-11-05 19:41:46'),(7,'read_menus','menus','2020-11-05 19:41:46','2020-11-05 19:41:46'),(8,'edit_menus','menus','2020-11-05 19:41:46','2020-11-05 19:41:46'),(9,'add_menus','menus','2020-11-05 19:41:46','2020-11-05 19:41:46'),(10,'delete_menus','menus','2020-11-05 19:41:46','2020-11-05 19:41:46'),(11,'browse_roles','roles','2020-11-05 19:41:46','2020-11-05 19:41:46'),(12,'read_roles','roles','2020-11-05 19:41:46','2020-11-05 19:41:46'),(13,'edit_roles','roles','2020-11-05 19:41:46','2020-11-05 19:41:46'),(14,'add_roles','roles','2020-11-05 19:41:46','2020-11-05 19:41:46'),(15,'delete_roles','roles','2020-11-05 19:41:46','2020-11-05 19:41:46'),(16,'browse_users','users','2020-11-05 19:41:46','2020-11-05 19:41:46'),(17,'read_users','users','2020-11-05 19:41:46','2020-11-05 19:41:46'),(18,'edit_users','users','2020-11-05 19:41:46','2020-11-05 19:41:46'),(19,'add_users','users','2020-11-05 19:41:46','2020-11-05 19:41:46'),(20,'delete_users','users','2020-11-05 19:41:46','2020-11-05 19:41:46'),(21,'browse_settings','settings','2020-11-05 19:41:46','2020-11-05 19:41:46'),(22,'read_settings','settings','2020-11-05 19:41:46','2020-11-05 19:41:46'),(23,'edit_settings','settings','2020-11-05 19:41:46','2020-11-05 19:41:46'),(24,'add_settings','settings','2020-11-05 19:41:46','2020-11-05 19:41:46'),(25,'delete_settings','settings','2020-11-05 19:41:46','2020-11-05 19:41:46'),(26,'browse_categories','categories','2020-11-05 19:41:46','2020-11-05 19:41:46'),(27,'read_categories','categories','2020-11-05 19:41:46','2020-11-05 19:41:46'),(28,'edit_categories','categories','2020-11-05 19:41:46','2020-11-05 19:41:46'),(29,'add_categories','categories','2020-11-05 19:41:46','2020-11-05 19:41:46'),(30,'delete_categories','categories','2020-11-05 19:41:46','2020-11-05 19:41:46'),(31,'browse_posts','posts','2020-11-05 19:41:46','2020-11-05 19:41:46'),(32,'read_posts','posts','2020-11-05 19:41:46','2020-11-05 19:41:46'),(33,'edit_posts','posts','2020-11-05 19:41:46','2020-11-05 19:41:46'),(34,'add_posts','posts','2020-11-05 19:41:46','2020-11-05 19:41:46'),(35,'delete_posts','posts','2020-11-05 19:41:46','2020-11-05 19:41:46'),(36,'browse_pages','pages','2020-11-05 19:41:46','2020-11-05 19:41:46'),(37,'read_pages','pages','2020-11-05 19:41:46','2020-11-05 19:41:46'),(38,'edit_pages','pages','2020-11-05 19:41:46','2020-11-05 19:41:46'),(39,'add_pages','pages','2020-11-05 19:41:46','2020-11-05 19:41:46'),(40,'delete_pages','pages','2020-11-05 19:41:46','2020-11-05 19:41:46'),(41,'browse_hooks',NULL,'2020-11-05 19:41:47','2020-11-05 19:41:47'),(42,'browse_hello','hello','2020-11-06 02:08:12','2020-11-06 02:08:12'),(43,'read_hello','hello','2020-11-06 02:08:12','2020-11-06 02:08:12'),(44,'edit_hello','hello','2020-11-06 02:08:12','2020-11-06 02:08:12'),(45,'add_hello','hello','2020-11-06 02:08:12','2020-11-06 02:08:12'),(46,'delete_hello','hello','2020-11-06 02:08:12','2020-11-06 02:08:12'),(57,'browse_events','events','2020-11-11 12:26:22','2020-11-11 12:26:22'),(58,'read_events','events','2020-11-11 12:26:22','2020-11-11 12:26:22'),(59,'edit_events','events','2020-11-11 12:26:22','2020-11-11 12:26:22'),(60,'add_events','events','2020-11-11 12:26:22','2020-11-11 12:26:22'),(61,'delete_events','events','2020-11-11 12:26:22','2020-11-11 12:26:22'),(62,'browse_albums','albums','2020-11-11 15:52:17','2020-11-11 15:52:17'),(63,'read_albums','albums','2020-11-11 15:52:17','2020-11-11 15:52:17'),(64,'edit_albums','albums','2020-11-11 15:52:17','2020-11-11 15:52:17'),(65,'add_albums','albums','2020-11-11 15:52:17','2020-11-11 15:52:17'),(66,'delete_albums','albums','2020-11-11 15:52:17','2020-11-11 15:52:17'),(67,'browse_photos','photos','2020-11-11 16:43:07','2020-11-11 16:43:07'),(68,'read_photos','photos','2020-11-11 16:43:07','2020-11-11 16:43:07'),(69,'edit_photos','photos','2020-11-11 16:43:07','2020-11-11 16:43:07'),(70,'add_photos','photos','2020-11-11 16:43:07','2020-11-11 16:43:07'),(71,'delete_photos','photos','2020-11-11 16:43:07','2020-11-11 16:43:07');
/*!40000 ALTER TABLE `permissions` ENABLE KEYS */;
UNLOCK TABLES;

--
-- Table structure for table `photos`
--

DROP TABLE IF EXISTS `photos`;
/*!40101 SET @saved_cs_client     = @@character_set_client */;
/*!50503 SET character_set_client = utf8mb4 */;
CREATE TABLE `photos` (
  `id` int unsigned NOT NULL AUTO_INCREMENT,
  `album_id` int NOT NULL,
  `title` varchar(255) CHARACTER SET utf8mb4 COLLATE utf8mb4_unicode_ci NOT NULL,
  `file` varchar(255) CHARACTER SET utf8mb4 COLLATE utf8mb4_unicode_ci NOT NULL,
  `description` text CHARACTER SET utf8mb4 COLLATE utf8mb4_unicode_ci,
  `created_at` timestamp NULL DEFAULT NULL,
  `updated_at` timestamp NULL DEFAULT NULL,
  `author_id` int DEFAULT NULL,
  PRIMARY KEY (`id`)
) ENGINE=InnoDB AUTO_INCREMENT=9 DEFAULT CHARSET=utf8mb4 COLLATE=utf8mb4_unicode_ci;
/*!40101 SET character_set_client = @saved_cs_client */;

--
-- Dumping data for table `photos`
--

LOCK TABLES `photos` WRITE;
/*!40000 ALTER TABLE `photos` DISABLE KEYS */;
INSERT INTO `photos` VALUES (1,4,'Foto pertama','photos\\November2020\\TkbAmkmFQ4Gd0WxrYaMd.jpg','Deskripsi aja','2020-11-19 15:12:21','2020-11-19 15:12:21',1),(2,4,'Foto Kedua','photos\\November2020\\MUwMAtzmZ6Jtq9Kg0aNz.jpg','Deskripsi kedua','2020-11-19 19:35:52','2020-11-19 19:35:52',1),(3,7,'Laboratorium','photos/November2020/5Fx8LQiURKnqqvlBqKmF.jpg','Lorem ipsum dolor, sit amet consectetur adipisicing elit.','2020-11-19 22:25:00','2020-11-19 22:25:00',1),(4,7,'Ruang Kelas','photos/November2020/J08ZOAtPrCJPXjgSQTdD.jpg','Lorem ipsum dolor, sit amet consectetur adipisicing elit.','2020-11-19 22:25:30','2020-11-19 22:25:30',1),(5,7,'Lapangan','photos/November2020/aPTdmQuuMiuHnmetAxus.jpeg','Lorem ipsum dolor, sit amet consectetur adipisicing elit.','2020-11-19 22:25:54','2020-11-19 22:25:54',1),(6,7,'Auditorium','photos/November2020/F8G8MBjFd87hJwIvteQn.png','https://i.ytimg.com/vi/5Y1GpL768Sk/maxresdefault.jpg','2020-11-19 22:26:56','2020-11-19 22:26:56',1),(7,7,'Lab Komputer','photos/November2020/3qI0bBxIhJa97ifTohU9.jpg','Lorem ipsum dolor, sit amet consectetur adipisicing elit.','2020-11-19 22:28:40','2020-11-19 22:28:40',1),(8,7,'Perpustakaan','photos/November2020/vOsKpapzYH92Np6peYxx.jpg','Lorem ipsum dolor, sit amet consectetur adipisicing elit.','2020-11-19 22:30:37','2020-11-19 22:30:37',1);
/*!40000 ALTER TABLE `photos` ENABLE KEYS */;
UNLOCK TABLES;

--
-- Table structure for table `posts`
--

DROP TABLE IF EXISTS `posts`;
/*!40101 SET @saved_cs_client     = @@character_set_client */;
/*!50503 SET character_set_client = utf8mb4 */;
CREATE TABLE `posts` (
  `id` int unsigned NOT NULL AUTO_INCREMENT,
  `author_id` int NOT NULL,
  `category_id` int DEFAULT NULL,
  `title` varchar(255) CHARACTER SET utf8mb4 COLLATE utf8mb4_unicode_ci NOT NULL,
  `seo_title` varchar(255) CHARACTER SET utf8mb4 COLLATE utf8mb4_unicode_ci DEFAULT NULL,
  `excerpt` text CHARACTER SET utf8mb4 COLLATE utf8mb4_unicode_ci,
  `body` text CHARACTER SET utf8mb4 COLLATE utf8mb4_unicode_ci NOT NULL,
  `image` varchar(255) CHARACTER SET utf8mb4 COLLATE utf8mb4_unicode_ci DEFAULT NULL,
  `slug` varchar(255) CHARACTER SET utf8mb4 COLLATE utf8mb4_unicode_ci NOT NULL,
  `meta_description` text CHARACTER SET utf8mb4 COLLATE utf8mb4_unicode_ci,
  `meta_keywords` text CHARACTER SET utf8mb4 COLLATE utf8mb4_unicode_ci,
  `status` enum('PUBLISHED','DRAFT','PENDING') CHARACTER SET utf8mb4 COLLATE utf8mb4_unicode_ci NOT NULL DEFAULT 'DRAFT',
  `featured` tinyint(1) NOT NULL DEFAULT '0',
  `created_at` timestamp NULL DEFAULT NULL,
  `updated_at` timestamp NULL DEFAULT NULL,
  `headline` tinyint DEFAULT '0',
  PRIMARY KEY (`id`),
  UNIQUE KEY `posts_slug_unique` (`slug`)
) ENGINE=InnoDB AUTO_INCREMENT=23 DEFAULT CHARSET=utf8mb4 COLLATE=utf8mb4_unicode_ci;
/*!40101 SET character_set_client = @saved_cs_client */;

--
-- Dumping data for table `posts`
--

LOCK TABLES `posts` WRITE;
/*!40000 ALTER TABLE `posts` DISABLE KEYS */;
INSERT INTO `posts` VALUES (5,1,5,'Learning From Nothing To Something',NULL,'Lorem ipsum dolor sit amet, consectetur adipiscing elit. Vestibulum eget fermentum urna, sed vulputate quam. Nam auctor nec leo at porttitor. Donec dapibus, quam ac volutpat facilisis, nunc velit ornare sem, vel efficitur urna velit non massa. Morbi fringilla metus enim, vel tristique sapien sollicitudin ac. Integer bibendum vel diam id pulvinar. Vivamus semper, felis eget fringilla hendrerit, lorem nisl ultricies turpis, dapibus rhoncus est nisl ut nulla. Vestibulum ut nisi et elit mollis malesuada in pellentesque leo. Pellentesque blandit suscipit erat at consectetur. Pellentesque auctor quam vel ante eleifend, a tristique lectus fringilla.','<p style=\"margin: 0px 0px 15px; padding: 0px; text-align: justify; color: #000000; font-family: \'Open Sans\', Arial, sans-serif;\">Lorem ipsum dolor sit amet, consectetur adipiscing elit. Fusce vitae pretium sem. Ut ac imperdiet erat. Praesent tincidunt porta lectus sed ultrices. Morbi nec luctus dolor. Praesent a tempor lorem. Suspendisse eget suscipit mi, id pharetra risus. Duis in justo erat.</p>\r\n<p style=\"margin: 0px 0px 15px; padding: 0px; text-align: justify; color: #000000; font-family: \'Open Sans\', Arial, sans-serif;\">Cras nec mauris tincidunt mauris molestie placerat. Aliquam ligula diam, finibus et ligula eu, interdum semper urna. Nunc hendrerit, leo id dictum posuere, ante nunc placerat massa, vel porta lacus magna eget velit. Aliquam eget nunc pulvinar, auctor purus vel, imperdiet justo. Sed hendrerit mi sit amet odio semper posuere. Cras sed vehicula mauris. Praesent ullamcorper, lacus et mattis malesuada, est nulla porttitor sem, nec viverra ante tortor a dui.</p>\r\n<p style=\"margin: 0px 0px 15px; padding: 0px; text-align: justify; color: #000000; font-family: \'Open Sans\', Arial, sans-serif;\">In est sapien, sagittis sit amet vehicula ut, semper eget est. Suspendisse mattis ligula vel mauris dignissim fermentum sit amet in odio. Orci varius natoque penatibus et magnis dis parturient montes, nascetur ridiculus mus. Quisque egestas velit augue. Aliquam molestie neque mi, et auctor erat cursus non. Vivamus condimentum elit turpis, a elementum tellus laoreet eget. Vivamus sed sapien faucibus, interdum diam a, porta odio. Donec ullamcorper, lectus quis ornare egestas, neque diam vestibulum mi, eget elementum metus turpis nec ex.</p>\r\n<p style=\"margin: 0px 0px 15px; padding: 0px; text-align: justify; color: #000000; font-family: \'Open Sans\', Arial, sans-serif;\">Curabitur nunc magna, placerat ac finibus id, commodo ut metus. Donec scelerisque volutpat sem. Duis vel magna a leo convallis maximus sit amet vitae felis. Cras porta gravida euismod. Donec porta sit amet arcu nec elementum. Donec ante arcu, egestas a feugiat nec, congue eu justo. Aliquam erat volutpat. Donec urna erat, luctus sit amet faucibus vel, gravida nec eros. Phasellus nisi nisi, semper id euismod vitae, iaculis porta erat. Fusce maximus, erat in facilisis scelerisque, nulla sem interdum nulla, ut aliquam ante nunc vitae quam. Suspendisse accumsan felis nec lacus tincidunt mattis.</p>\r\n<p style=\"margin: 0px 0px 15px; padding: 0px; text-align: justify; color: #000000; font-family: \'Open Sans\', Arial, sans-serif;\">Mauris suscipit orci ut diam elementum convallis. In malesuada odio non porttitor venenatis. Praesent rhoncus sed libero ut ultricies. Aliquam ut auctor mauris. Mauris vehicula elementum est, in imperdiet ante porttitor gravida. Pellentesque luctus pharetra auctor. Sed eu massa est. Vestibulum sapien turpis, consequat a dolor a, efficitur consectetur nunc. Integer elementum gravida justo quis egestas. Ut auctor pretium nibh, eu auctor lacus ullamcorper a. Sed nec rutrum diam. Sed vestibulum arcu vel mauris euismod eleifend. Praesent id dapibus orci.</p>','posts\\November2020\\6QOrou0YFVEwi64VUVKd.jpg','learning-from-nothing-to-something',NULL,NULL,'PUBLISHED',1,'2020-11-06 23:02:02','2020-11-08 16:32:49',0),(6,1,5,'Cras varius vitae erat rhoncus blandit. Nulla.',NULL,'Cras varius vitae erat rhoncus blandit. Nulla.','<p><span style=\"color: #000000; font-family: \'Open Sans\', Arial, sans-serif; text-align: justify;\">Cras varius vitae erat rhoncus blandit. Nulla.</span></p>','posts\\November2020\\pLLOVqUSblLVfCAZMmbD.jpg','cras-varius-vitae-erat-rhoncus-blandit-nulla',NULL,NULL,'PUBLISHED',1,'2020-11-06 23:45:40','2020-11-08 16:32:36',0),(8,1,8,'Colors of Marsudirini',NULL,'Lorem ipsum dolor sit amet, consectetur adipiscing elit. Integer aliquet ac massa ac efficitur. Morbi fringilla quam in nisi accumsan lobortis. Morbi sit amet efficitur tortor, ac faucibus risus. Curabitur viverra ipsum at nulla mollis, quis lobortis nunc sollicitudin. Phasellus in quam quis tellus volutpat posuere. Donec vitae neque gravida, pretium lectus nec, lacinia velit. Proin finibus arcu vitae erat finibus varius.','<p style=\"margin: 0px 0px 15px; padding: 0px; text-align: justify; color: #000000; font-family: \'Open Sans\', Arial, sans-serif;\">Lorem ipsum dolor sit amet, consectetur adipiscing elit. Integer aliquet ac massa ac efficitur. Morbi fringilla quam in nisi accumsan lobortis. Morbi sit amet efficitur tortor, ac faucibus risus. Curabitur viverra ipsum at nulla mollis, quis lobortis nunc sollicitudin. Phasellus in quam quis tellus volutpat posuere. Donec vitae neque gravida, pretium lectus nec, lacinia velit. Proin finibus arcu vitae erat finibus varius.</p>\r\n<p style=\"margin: 0px 0px 15px; padding: 0px; text-align: justify; color: #000000; font-family: \'Open Sans\', Arial, sans-serif;\">Vestibulum dictum dapibus metus non consectetur. Maecenas consequat urna porttitor turpis congue, vitae bibendum dui malesuada. Aliquam eu ornare sapien, in fermentum velit. Integer ultricies placerat efficitur. Duis blandit ultrices massa a dictum. Quisque vel egestas nunc. Curabitur libero tortor, imperdiet et placerat vel, cursus eu ante. Nunc eu est facilisis, tempus elit auctor, pellentesque magna. Sed congue elementum elementum. Suspendisse lobortis pulvinar massa, et facilisis massa. Etiam odio ante, eleifend quis pulvinar a, dictum nec ipsum. In porttitor ipsum eget efficitur euismod. Cras tincidunt sagittis dignissim.</p>\r\n<p style=\"margin: 0px 0px 15px; padding: 0px; text-align: justify; color: #000000; font-family: \'Open Sans\', Arial, sans-serif;\">Sed vulputate mattis varius. Cras tempor ligula dui, non lobortis felis rhoncus et. Donec eget justo elit. Donec tincidunt sed nunc nec malesuada. Cras convallis auctor porta. Nam venenatis interdum ex, eu viverra dolor pretium eget. Pellentesque vehicula ut sapien id lacinia. Nam iaculis interdum libero, id rhoncus arcu sollicitudin quis. Etiam tempus ligula nec arcu rutrum facilisis. Aenean et lacus id purus faucibus dignissim.</p>\r\n<p style=\"margin: 0px 0px 15px; padding: 0px; text-align: justify; color: #000000; font-family: \'Open Sans\', Arial, sans-serif;\">Vivamus dignissim nisl sem. Proin et mi sit amet urna vehicula viverra vitae vitae nulla. Donec gravida lorem dui, bibendum dignissim ex pharetra et. Etiam sollicitudin molestie dui vitae rhoncus. Proin volutpat, mi quis scelerisque congue, lectus felis tincidunt elit, finibus interdum arcu mauris ac justo. Interdum et malesuada fames ac ante ipsum primis in faucibus. Vivamus sagittis eleifend massa. Maecenas at ex pellentesque magna malesuada rhoncus.</p>\r\n<p style=\"margin: 0px 0px 15px; padding: 0px; text-align: justify; color: #000000; font-family: \'Open Sans\', Arial, sans-serif;\">Mauris varius massa purus, sit amet laoreet enim rhoncus ut. Donec a lorem auctor, maximus ex eget, convallis lacus. Pellentesque egestas, massa vitae tincidunt tincidunt, libero purus volutpat mauris, at iaculis justo mauris at diam. Ut vel orci eros. Ut consequat felis quis tincidunt pretium. Curabitur diam urna, sagittis sit amet tempus a, posuere vitae elit. Ut eget metus in sapien tristique porta fermentum quis ipsum.</p>\r\n<p style=\"margin: 0px 0px 15px; padding: 0px; text-align: justify; color: #000000; font-family: \'Open Sans\', Arial, sans-serif;\">Nunc eu elit quis lectus pretium placerat. Mauris varius diam eget neque commodo, viverra placerat odio viverra. Suspendisse sed dapibus ligula. Nam gravida, magna in fringilla imperdiet, purus neque suscipit mi, et molestie augue diam sit amet quam. Nam leo dolor, malesuada non rhoncus nec, varius eget ante. Nam semper iaculis tortor, ac egestas dolor vehicula lacinia. Orci varius natoque penatibus et magnis dis parturient montes, nascetur ridiculus mus. Quisque tempor mi nec dapibus iaculis. Nulla facilisi.</p>\r\n<p style=\"margin: 0px 0px 15px; padding: 0px; text-align: justify; color: #000000; font-family: \'Open Sans\', Arial, sans-serif;\">Aliquam at dui nunc. Pellentesque sapien quam, sagittis eu ipsum at, luctus finibus leo. Mauris maximus leo arcu, sed elementum magna commodo aliquet. Fusce sagittis turpis dolor, quis sagittis orci gravida sed. Sed blandit vulputate fermentum. Praesent in velit ut massa commodo ultrices. Sed pharetra libero id cursus interdum. Phasellus posuere vel arcu eu venenatis.</p>\r\n<p style=\"margin: 0px 0px 15px; padding: 0px; text-align: justify; color: #000000; font-family: \'Open Sans\', Arial, sans-serif;\">Donec libero turpis, semper vel augue nec, tincidunt finibus velit. Nullam ac massa efficitur urna tempor tincidunt. Quisque vitae faucibus tellus. Donec vulputate, quam a ultricies blandit, magna arcu lacinia enim, non pulvinar risus metus vel lacus. In eget nisl neque. Nam vel volutpat elit, vel interdum ex. Donec ultrices enim porta augue fermentum, eu maximus turpis ultricies.</p>\r\n<p style=\"margin: 0px 0px 15px; padding: 0px; text-align: justify; color: #000000; font-family: \'Open Sans\', Arial, sans-serif;\">Suspendisse vehicula volutpat tempor. Duis viverra ante sit amet vehicula malesuada. Curabitur sed purus sit amet velit ornare consectetur ac non sapien. Nullam sollicitudin finibus velit eget porttitor. In eros nisi, auctor vel ligula ac, imperdiet gravida leo. Donec vehicula sagittis ex, nec ullamcorper dui lacinia sed. Suspendisse dapibus et dolor quis cursus. Vivamus sed augue erat. Sed eu euismod odio. Pellentesque eget justo arcu. Nunc condimentum, lectus ut tempus fermentum, lacus felis sollicitudin enim, eu aliquam nunc magna eu justo. Ut eget molestie odio, sed interdum felis. Cras eu vehicula erat. Nullam tincidunt laoreet enim non sodales.</p>\r\n<p style=\"margin: 0px 0px 15px; padding: 0px; text-align: justify; color: #000000; font-family: \'Open Sans\', Arial, sans-serif;\">Pellentesque id nunc eget mi egestas dictum nec a odio. Donec sem purus, sollicitudin eget nisi id, ultricies pulvinar enim. Cras suscipit erat at orci sollicitudin facilisis. Vestibulum cursus dolor a accumsan fermentum. Sed ante libero, porttitor nec tortor non, suscipit viverra sem. Aliquam laoreet tincidunt ornare. Donec pulvinar ante at fermentum viverra. Ut facilisis bibendum tellus vitae suscipit. Morbi molestie eget arcu quis ultricies. Morbi in enim at libero ornare dignissim ac porta dolor. In orci felis, rhoncus nec fringilla sed, accumsan id massa. Mauris cursus lobortis venenatis. Sed ac vestibulum mauris, at lacinia augue. Vestibulum mi ipsum, aliquam vel placerat id, vehicula sed augue. Proin lectus enim, consequat at enim sit amet, dictum accumsan dui.</p>\r\n<p style=\"margin: 0px 0px 15px; padding: 0px; text-align: justify; color: #000000; font-family: \'Open Sans\', Arial, sans-serif;\">Fusce vitae lacinia eros. Suspendisse iaculis, nisi vel sollicitudin tincidunt, sapien eros mollis lectus, at scelerisque turpis lacus eu arcu. Maecenas eleifend luctus venenatis. Mauris nec mauris vel urna accumsan semper. Aliquam a dapibus magna. Maecenas ultricies pulvinar erat, sit amet congue nibh sodales ut. Nullam aliquet purus quis quam condimentum hendrerit eu eget leo. In varius malesuada sapien, in mattis velit rhoncus non. Suspendisse luctus odio quis viverra eleifend. Integer euismod ornare purus, quis ullamcorper ligula tincidunt a. Vestibulum hendrerit lacus in facilisis rutrum.</p>\r\n<p style=\"margin: 0px 0px 15px; padding: 0px; text-align: justify; color: #000000; font-family: \'Open Sans\', Arial, sans-serif;\">Pellentesque venenatis leo sit amet semper scelerisque. Mauris ac dolor pellentesque, lobortis neque ut, molestie ex. Vestibulum scelerisque vulputate convallis. Curabitur semper consequat ex, nec ultricies diam blandit id. Ut vel turpis in ipsum convallis cursus. Praesent mi lectus, efficitur id risus laoreet, blandit aliquam mauris. Orci varius natoque penatibus et magnis dis parturient montes, nascetur ridiculus mus. Lorem ipsum dolor sit amet, consectetur adipiscing elit. Quisque malesuada et nisi vitae congue. Fusce vestibulum condimentum tristique. Vestibulum ac dui nibh.</p>','posts\\November2020\\SuAdTYSkASCjUgGb6REb.jpg','colors-of-marsudirini',NULL,NULL,'PUBLISHED',0,'2020-11-08 16:01:26','2020-11-19 19:24:12',0),(9,1,8,'Tata Tertib Sekolah',NULL,'Lorem ipsum dolor sit amet, consectetur adipiscing elit. Integer aliquet ac massa ac efficitur. Morbi fringilla quam in nisi accumsan lobortis. Morbi sit amet efficitur tortor, ac faucibus risus. Curabitur viverra ipsum at nulla mollis, quis lobortis nunc sollicitudin. Phasellus in quam quis tellus volutpat posuere. Donec vitae neque gravida, pretium lectus nec, lacinia velit. Proin finibus arcu vitae erat finibus varius.','<p style=\"margin: 0px 0px 15px; padding: 0px; text-align: justify; color: #000000; font-family: \'Open Sans\', Arial, sans-serif;\">Lorem ipsum dolor sit amet, consectetur adipiscing elit. Integer aliquet ac massa ac efficitur. Morbi fringilla quam in nisi accumsan lobortis. Morbi sit amet efficitur tortor, ac faucibus risus. Curabitur viverra ipsum at nulla mollis, quis lobortis nunc sollicitudin. Phasellus in quam quis tellus volutpat posuere. Donec vitae neque gravida, pretium lectus nec, lacinia velit. Proin finibus arcu vitae erat finibus varius.</p>\r\n<p style=\"margin: 0px 0px 15px; padding: 0px; text-align: justify; color: #000000; font-family: \'Open Sans\', Arial, sans-serif;\">Vestibulum dictum dapibus metus non consectetur. Maecenas consequat urna porttitor turpis congue, vitae bibendum dui malesuada. Aliquam eu ornare sapien, in fermentum velit. Integer ultricies placerat efficitur. Duis blandit ultrices massa a dictum. Quisque vel egestas nunc. Curabitur libero tortor, imperdiet et placerat vel, cursus eu ante. Nunc eu est facilisis, tempus elit auctor, pellentesque magna. Sed congue elementum elementum. Suspendisse lobortis pulvinar massa, et facilisis massa. Etiam odio ante, eleifend quis pulvinar a, dictum nec ipsum. In porttitor ipsum eget efficitur euismod. Cras tincidunt sagittis dignissim.</p>\r\n<p style=\"margin: 0px 0px 15px; padding: 0px; text-align: justify; color: #000000; font-family: \'Open Sans\', Arial, sans-serif;\">Sed vulputate mattis varius. Cras tempor ligula dui, non lobortis felis rhoncus et. Donec eget justo elit. Donec tincidunt sed nunc nec malesuada. Cras convallis auctor porta. Nam venenatis interdum ex, eu viverra dolor pretium eget. Pellentesque vehicula ut sapien id lacinia. Nam iaculis interdum libero, id rhoncus arcu sollicitudin quis. Etiam tempus ligula nec arcu rutrum facilisis. Aenean et lacus id purus faucibus dignissim.</p>\r\n<p style=\"margin: 0px 0px 15px; padding: 0px; text-align: justify; color: #000000; font-family: \'Open Sans\', Arial, sans-serif;\">Vivamus dignissim nisl sem. Proin et mi sit amet urna vehicula viverra vitae vitae nulla. Donec gravida lorem dui, bibendum dignissim ex pharetra et. Etiam sollicitudin molestie dui vitae rhoncus. Proin volutpat, mi quis scelerisque congue, lectus felis tincidunt elit, finibus interdum arcu mauris ac justo. Interdum et malesuada fames ac ante ipsum primis in faucibus. Vivamus sagittis eleifend massa. Maecenas at ex pellentesque magna malesuada rhoncus.</p>\r\n<p style=\"margin: 0px 0px 15px; padding: 0px; text-align: justify; color: #000000; font-family: \'Open Sans\', Arial, sans-serif;\">Mauris varius massa purus, sit amet laoreet enim rhoncus ut. Donec a lorem auctor, maximus ex eget, convallis lacus. Pellentesque egestas, massa vitae tincidunt tincidunt, libero purus volutpat mauris, at iaculis justo mauris at diam. Ut vel orci eros. Ut consequat felis quis tincidunt pretium. Curabitur diam urna, sagittis sit amet tempus a, posuere vitae elit. Ut eget metus in sapien tristique porta fermentum quis ipsum.</p>\r\n<p style=\"margin: 0px 0px 15px; padding: 0px; text-align: justify; color: #000000; font-family: \'Open Sans\', Arial, sans-serif;\">Nunc eu elit quis lectus pretium placerat. Mauris varius diam eget neque commodo, viverra placerat odio viverra. Suspendisse sed dapibus ligula. Nam gravida, magna in fringilla imperdiet, purus neque suscipit mi, et molestie augue diam sit amet quam. Nam leo dolor, malesuada non rhoncus nec, varius eget ante. Nam semper iaculis tortor, ac egestas dolor vehicula lacinia. Orci varius natoque penatibus et magnis dis parturient montes, nascetur ridiculus mus. Quisque tempor mi nec dapibus iaculis. Nulla facilisi.</p>\r\n<p style=\"margin: 0px 0px 15px; padding: 0px; text-align: justify; color: #000000; font-family: \'Open Sans\', Arial, sans-serif;\">Aliquam at dui nunc. Pellentesque sapien quam, sagittis eu ipsum at, luctus finibus leo. Mauris maximus leo arcu, sed elementum magna commodo aliquet. Fusce sagittis turpis dolor, quis sagittis orci gravida sed. Sed blandit vulputate fermentum. Praesent in velit ut massa commodo ultrices. Sed pharetra libero id cursus interdum. Phasellus posuere vel arcu eu venenatis.</p>\r\n<p style=\"margin: 0px 0px 15px; padding: 0px; text-align: justify; color: #000000; font-family: \'Open Sans\', Arial, sans-serif;\">Donec libero turpis, semper vel augue nec, tincidunt finibus velit. Nullam ac massa efficitur urna tempor tincidunt. Quisque vitae faucibus tellus. Donec vulputate, quam a ultricies blandit, magna arcu lacinia enim, non pulvinar risus metus vel lacus. In eget nisl neque. Nam vel volutpat elit, vel interdum ex. Donec ultrices enim porta augue fermentum, eu maximus turpis ultricies.</p>\r\n<p style=\"margin: 0px 0px 15px; padding: 0px; text-align: justify; color: #000000; font-family: \'Open Sans\', Arial, sans-serif;\">Suspendisse vehicula volutpat tempor. Duis viverra ante sit amet vehicula malesuada. Curabitur sed purus sit amet velit ornare consectetur ac non sapien. Nullam sollicitudin finibus velit eget porttitor. In eros nisi, auctor vel ligula ac, imperdiet gravida leo. Donec vehicula sagittis ex, nec ullamcorper dui lacinia sed. Suspendisse dapibus et dolor quis cursus. Vivamus sed augue erat. Sed eu euismod odio. Pellentesque eget justo arcu. Nunc condimentum, lectus ut tempus fermentum, lacus felis sollicitudin enim, eu aliquam nunc magna eu justo. Ut eget molestie odio, sed interdum felis. Cras eu vehicula erat. Nullam tincidunt laoreet enim non sodales.</p>\r\n<p style=\"margin: 0px 0px 15px; padding: 0px; text-align: justify; color: #000000; font-family: \'Open Sans\', Arial, sans-serif;\">Pellentesque id nunc eget mi egestas dictum nec a odio. Donec sem purus, sollicitudin eget nisi id, ultricies pulvinar enim. Cras suscipit erat at orci sollicitudin facilisis. Vestibulum cursus dolor a accumsan fermentum. Sed ante libero, porttitor nec tortor non, suscipit viverra sem. Aliquam laoreet tincidunt ornare. Donec pulvinar ante at fermentum viverra. Ut facilisis bibendum tellus vitae suscipit. Morbi molestie eget arcu quis ultricies. Morbi in enim at libero ornare dignissim ac porta dolor. In orci felis, rhoncus nec fringilla sed, accumsan id massa. Mauris cursus lobortis venenatis. Sed ac vestibulum mauris, at lacinia augue. Vestibulum mi ipsum, aliquam vel placerat id, vehicula sed augue. Proin lectus enim, consequat at enim sit amet, dictum accumsan dui.</p>\r\n<p style=\"margin: 0px 0px 15px; padding: 0px; text-align: justify; color: #000000; font-family: \'Open Sans\', Arial, sans-serif;\">Fusce vitae lacinia eros. Suspendisse iaculis, nisi vel sollicitudin tincidunt, sapien eros mollis lectus, at scelerisque turpis lacus eu arcu. Maecenas eleifend luctus venenatis. Mauris nec mauris vel urna accumsan semper. Aliquam a dapibus magna. Maecenas ultricies pulvinar erat, sit amet congue nibh sodales ut. Nullam aliquet purus quis quam condimentum hendrerit eu eget leo. In varius malesuada sapien, in mattis velit rhoncus non. Suspendisse luctus odio quis viverra eleifend. Integer euismod ornare purus, quis ullamcorper ligula tincidunt a. Vestibulum hendrerit lacus in facilisis rutrum.</p>\r\n<p style=\"margin: 0px 0px 15px; padding: 0px; text-align: justify; color: #000000; font-family: \'Open Sans\', Arial, sans-serif;\">Pellentesque venenatis leo sit amet semper scelerisque. Mauris ac dolor pellentesque, lobortis neque ut, molestie ex. Vestibulum scelerisque vulputate convallis. Curabitur semper consequat ex, nec ultricies diam blandit id. Ut vel turpis in ipsum convallis cursus. Praesent mi lectus, efficitur id risus laoreet, blandit aliquam mauris. Orci varius natoque penatibus et magnis dis parturient montes, nascetur ridiculus mus. Lorem ipsum dolor sit amet, consectetur adipiscing elit. Quisque malesuada et nisi vitae congue. Fusce vestibulum condimentum tristique. Vestibulum ac dui nibh.</p>','posts\\November2020\\rNNTNABXg5WfX6n7Wv9h.jpg','tata-tertib-sekolah',NULL,NULL,'PUBLISHED',0,'2020-11-08 16:02:00','2020-11-19 19:23:56',0),(10,1,8,'Selamat Datang di Sekolah Kami',NULL,'Selamat datang diWebsiteresmi SD MARSUDIRINI GEDANGAN SEMARANG. Dalam perkembangan era globalisasi dan pesatnya kemajuan teknologi dan informasi ini, tidak dapat dipungkiri bahwa keberadaan sebuahwebsiteuntuk dunia pendidikan khususnya sekolah, sangatlah penting.','<h1 style=\"text-align: justify;\">Salam Sejahtera, Berkah Dalem</h1>\r\n<p style=\"text-align: justify;\">&nbsp;</p>\r\n<p style=\"text-align: justify;\">Dengan mengucapkan syukur kepada Tuhan Yang Maha Esa, atas segala bimbingan, rahmat, dan karunia-Nya lah akhirnyaWebsitesekolah ini dapat kami perbaharui dengan domainhttp://sdmarsudirinigedangan.sch.id/&nbsp;&nbsp;</p>\r\n<p style=\"text-align: justify;\">Selamat datang diWebsiteresmi SD MARSUDIRINI GEDANGAN SEMARANG. Dalam perkembangan era globalisasi dan pesatnya kemajuan teknologi dan informasi ini, tidak dapat dipungkiri bahwa keberadaan sebuahwebsiteuntuk dunia pendidikan khususnya sekolah, sangatlah penting. Mediawebsitedapat digunakan sebagai penyedia sarana dalam menyebarluaskan informasi dan perkembangan terkini dari sekolah, yang memang harus diketahui oleh setiapstakeholdersecara riil. Disamping itu,websitejuga dapat menjadi ajang promosi sekolah yang cukup efektif. Berbagai kegiatan kemajuan sekolah dapat disampaikan dan diupload, disertai data maupun gambar yang relevan, sehingga masyarakat dapat mengetahui prestasi-prestasi yang telah berhasil diraih oleh SD MARSUDIRINI GEDANGAN SEMARANG.&nbsp;</p>\r\n<p style=\"text-align: justify;\">Sebagai media pembelajaran,websitesekolah dapat juga sebagai sarana untuk memuatblog dan e-learningyang dibuat oleh guru-guru. Di dalamblogtersebut guru dapat menuliskan berbagai artikel tentang pembelajaran atau materi penting mata pelajaran yang terkait dengan kegiatan pembelajaran di kelas. Dan dengane-learningguru dapat memberikan tugas mandiri kepada peserta didik sehingga akan menunjang sarana kegiatan pembelajaran dengan berbasis Teknologi dan Informasi.&nbsp;</p>\r\n<p style=\"text-align: justify;\">Websitejuga dapat dijadikan sarana komunikasi antara sekolah dengan para alumni. Bahkan alumni dapat memanfaatkanwebsitesekolah untuk koordinasi dan konsolidasi, sehingga terbentuk ikatan alumni yang semakinsolid. Sekolah menyadari bahwa alumni merupakan salah satu potensi yang apabila digali dan dikelola dengan baik dan benar akan mampu memberikan kontribusi yang sangat besar dan positif kepada sekolah. Oleh karena itu, saya sangat berharap, melaluiwebsiteini, himpunan alumni SD MARSUDIRINI GEDANGAN SEMARANG semakin kuat, sehingga pada waktunya nanti dapat memberikan kontribusi yang sangat besar bagi kemajuan sekolah tercinta ini.&nbsp;</p>\r\n<p style=\"text-align: justify;\">Akhir kata&ldquo;Tak ada gadingyangtak retak &rdquo;segala sesuatu pasti memiliki kekurangan atau kelemahan masing-masing baik dalam bentuk tulisan maupun penyajian padawebsiteSD MARSUDIRINI GEDANGAN SEMARANG. Oleh Karena itu, kami akan terus belajar danmeng-updatediri, sehingga mutu dan kualitas dari tampilan serta isiwebsitekami akan terus berkembang. Kepada tim pembuat dan pengelolawebsitesekolah, kami mengharapkan agar terus senantiasa mengembangkanwebsitedengan semangat dan pantang menyerah. Terima kasih atas kerjasamanya, maju terus untuk mencapai SD MARSUDIRINI GEDANGAN yang lebih berkualitas dan sukses dalam mencerdaskan kehidupan anak Bangsa Indonesia.&nbsp;</p>','posts/December2020/6zuROBJ7CcyaslksBAMG.JPG','selamat-datang-di-sekolah-kami',NULL,NULL,'PUBLISHED',0,'2020-11-11 18:49:02','2020-12-01 16:52:33',1),(11,1,6,'Bergembira Bersama di Hari Anak Nasional',NULL,'Donec finibus scelerisque diam sit amet imperdiet. Vivamus pharetra varius tortor a ullamcorper. Sed convallis tincidunt consectetur. Nullam mollis sed nulla eu malesuada. Aenean vestibulum euismod metus et pellentesque. Integer iaculis lorem eget massa interdum, eget interdum felis tincidunt. Cras arcu tellus, aliquam id luctus non, pellentesque et sem. Fusce imperdiet leo at urna vulputate porttitor. Nam viverra commodo urna.','<p style=\"margin: 0px 0px 15px; padding: 0px; text-align: justify; color: #000000; font-family: \'Open Sans\', Arial, sans-serif;\">Lorem ipsum dolor sit amet, consectetur adipiscing elit. Aenean pharetra, leo ut semper dapibus, nunc augue hendrerit quam, et rutrum dui mauris et ante. Mauris blandit, lectus sit amet sollicitudin sollicitudin, orci leo eleifend sapien, finibus tempor est turpis ut massa. Sed tellus nisl, efficitur vitae elementum sed, tempor eu mauris. Pellentesque sit amet aliquam dolor. Sed tristique nulla mattis odio rhoncus commodo. Pellentesque vestibulum pretium lorem nec vulputate. Maecenas sed accumsan tortor. Morbi volutpat, mauris gravida pellentesque tempus, eros nisl fringilla ex, non mollis velit elit in urna. Aenean libero libero, scelerisque in augue in, consectetur porttitor purus.</p>\r\n<p style=\"margin: 0px 0px 15px; padding: 0px; text-align: justify; color: #000000; font-family: \'Open Sans\', Arial, sans-serif;\">Donec finibus scelerisque diam sit amet imperdiet. Vivamus pharetra varius tortor a ullamcorper. Sed convallis tincidunt consectetur. Nullam mollis sed nulla eu malesuada. Aenean vestibulum euismod metus et pellentesque. Integer iaculis lorem eget massa interdum, eget interdum felis tincidunt. Cras arcu tellus, aliquam id luctus non, pellentesque et sem. Fusce imperdiet leo at urna vulputate porttitor. Nam viverra commodo urna.</p>\r\n<p style=\"margin: 0px 0px 15px; padding: 0px; text-align: justify; color: #000000; font-family: \'Open Sans\', Arial, sans-serif;\">Curabitur pulvinar, turpis ac pellentesque facilisis, ipsum turpis dictum dolor, sed placerat felis leo et nunc. Ut sollicitudin felis vel enim cursus, eget faucibus velit pharetra. Sed consectetur porttitor magna eget ultricies. Donec sollicitudin dapibus ipsum, et mattis velit rhoncus nec. Suspendisse molestie dui nisi, dignissim finibus purus suscipit ut. Morbi mollis vehicula augue ac semper. Vivamus vel est et tortor pharetra tristique. Nunc sollicitudin, velit tempor scelerisque porttitor, nunc ante feugiat lorem, quis dapibus ex tellus id lorem. In varius sollicitudin odio, eu fringilla quam feugiat eu.</p>\r\n<p style=\"margin: 0px 0px 15px; padding: 0px; text-align: justify; color: #000000; font-family: \'Open Sans\', Arial, sans-serif;\">Donec faucibus convallis tempus. Aliquam tincidunt accumsan nisl, fringilla sollicitudin lacus tincidunt sed. Suspendisse potenti. In mattis eleifend leo, ut iaculis augue. Fusce elementum dictum ante sit amet cursus. Morbi eget mauris blandit, facilisis tellus eu, tempor ipsum. Vestibulum elementum est diam, sed tristique neque lacinia ut. Praesent luctus lacus sem, ut lobortis ipsum interdum sed. Donec id ornare eros, eget lacinia nisi. Aenean maximus facilisis odio, id rutrum enim euismod nec.</p>\r\n<p style=\"margin: 0px 0px 15px; padding: 0px; text-align: justify; color: #000000; font-family: \'Open Sans\', Arial, sans-serif;\">Cras laoreet maximus faucibus. Pellentesque lobortis volutpat gravida. Vestibulum hendrerit nisi consequat nisi vehicula convallis. Pellentesque habitant morbi tristique senectus et netus et malesuada fames ac turpis egestas. Pellentesque eleifend sapien eu justo feugiat, sit amet finibus elit posuere. Sed pulvinar dolor nulla, at dignissim felis porttitor ac. Integer lorem quam, commodo in dui pretium, mollis vehicula lectus. Interdum et malesuada fames ac ante ipsum primis in faucibus.</p>','posts\\November2020\\f1Wzc2t4ebpQ9SZxpFPe.jpg','bergembira-bersama-di-hari-anak-nasional',NULL,NULL,'PUBLISHED',0,'2020-11-19 20:09:53','2020-11-19 20:09:53',0),(12,1,8,'Sejarah',NULL,'Pada awal 1870 para suster OSF yang baru tiba dari Belanda di Semarang bertugas mengurus anak-anak yatim piatu dan memberi pendidikan keterampilan dan pelatihan bahasa Belanda pada anak Indo Eropa. Kemudian seiring dengan perkembangan zaman dan tuntutan pendidikan bagi anak-anak Indo Eropa dan kebutuhan pendidikan masyarakat sekitar, para suster OSF pada tanggal 1 Agustus 1871 secara resmi membuka pendidikan formal.','<p style=\"text-align: justify;\"><span style=\"font-size: 18pt;\">Pada awal 1870 para suster OSF yang baru tiba dari Belanda di Semarang bertugas mengurus anak-anak yatim piatu dan memberi pendidikan keterampilan dan pelatihan bahasa Belanda pada anak Indo Eropa. Kemudian seiring dengan perkembangan zaman dan tuntutan pendidikan bagi anak-anak Indo Eropa dan kebutuhan pendidikan masyarakat sekitar, para suster OSF pada tanggal 1 Agustus 1871 secara resmi membuka pendidikan formal.</span></p>\r\n<p style=\"text-align: justify;\"><span style=\"font-size: 18pt;\">Menurut catatan, pada awal penyelenggaraan pendidikan formal tersebut ada beberapa keluarga yang mendaftarkan putra-putrinya ke sekolah. Ada enam siswa tercatat sebagai siswa pertama. Tiga anak sebagai siswa Sekolah Bahasa Belanda dan tiga siswa untuk TK (taman kanak-kanak ). Dua tahun kemudian, tepatnya pada tanggal 1 Mei 1873 sekolah formal tersebut diberi nama Sekolah Eksternat dan secara resmi menerima siswa dari masyarakat luas di sekitar kota Semarang.</span></p>\r\n<p style=\"text-align: justify;\"><span style=\"font-size: 18pt;\">Kerja keras para suster misionaris OSF membuahkan hasil yang berarti. Setelah mendirikan Sekolah Panti Asuhan internat, Sekolah Eksternat untuk masyarakat luas, Suster OSF pada tanggal 8 Agustus 1887 membuka sekolah baru yang diberi nama Sekolah Santa Maria. Pada saat pembukaan Sekolah Santa Maria tercatat ada 16 siswa.</span></p>\r\n<p style=\"text-align: justify;\"><span style=\"font-size: 18pt;\">Tiga sekolah yang telah dibuka tersebut mempunyai spesifikasi berbeda. Sekolah Panti Asuhan mengelola pendidikan Taman Kanak-kanak, sementara Sekolah Santa Maria mengelola pendidikan Bahasa Belanda dan Frobel (Taman Kanak-kanak ).</span></p>\r\n<p style=\"text-align: justify;\"><span style=\"font-size: 18pt;\">Selain tiga sekolah yang sudah dirintis, para suster juga membuka sekolah keterampilan untuk anak-anak pribumi Katolik pada tanggal 6 Januari 1896. Pendidikan keterampilan mencakup menjahit dan merenda. Para suster juga&nbsp; membuka sekolah Monika pada tanggal 7 Juli 1901. Sekolah Monika adalah sekolah Minggu yang dikhususkan bagi siswa etnis Afrika yang bersekolah di sekolah negeri.</span></p>\r\n<p style=\"text-align: justify;\"><span style=\"font-size: 18pt;\">Pasca perang kemerdekaan, Pemerintah Republik Indonesia pada tahun 1952 melahirkan kebijakan tentang pengelolaan sekolah-sekolah swasta. Sekolah-sekolah swasta harus dikelola oleh sebuah Yayasan. Berdasarkan Peraturan Pemerintah tersebut, Keuskupan Agung Semarang&nbsp; mendirikan Yayasan Kanisius yang menaungi semua sekolah Katolik termasuk sekolah-sekolah Katolik milik Para Suster OSF. Dalam proses selanjutnya tarekat-tarekat mendirikan yayasan sendiri-sendiri dan melepaskan diri dari Yayasan Kanisius.</span></p>\r\n<p style=\"text-align: justify;\"><span style=\"font-size: 18pt;\">&nbsp; Maka pada tanggal 5 Juli tahun 1954 suster-suster OSF mendirikan Yayasan Marsudirini yang menaungi sekolah-sekolah milik OSF. Waktu itu telah ada 11 biara yang melayani karya pendidikan dengan 9 TK, 14 SD - salah satunya SD Marsudirini Gedangan, 4 SMP, dan 1 SMA. Yayasan Marsudirini berpusat di Jl. Ronggowarsito No. 8 Semarang. Setelah resmi menjadi badan hukum, SD Marsudirini Gednagan diajukan Yayasan Marsudirini untuk mendapatkan legalitas pendirian sekolah dan kepada Djawatan pendidikan dan kebudayaan setempat. Kemudian dimintakan surat ijin operasionalnya kepada Kementerian Pendidikan dan Kebudayaan melalui Djawatan Pendidikan dan Kebudayaan Propinsi. SK Pendirian di dapat dengan No. SK. Pendirian 421.2/196/2013.&nbsp;</span></p>\r\n<p style=\"text-align: justify;\"><span style=\"font-size: 18pt;\">Pada&nbsp; awal tahun 1980, SD Marsudirini mulai melaksanakan kebijakan pemerintah yaitu akreditasi sekolah. Pada awal pengajuan akreditasi, sekolah ini mendapatkan status &lsquo;disamakan&rsquo; yang berarti sama dengan sekolah negeri atau prestasi unggul. Pada tahun 2011, sekolah ini mendapatkan akreditasi A dari Badan Akreditasi Sekolah</span></p>\r\n<p style=\"text-align: justify;\">&nbsp;</p>','posts/November2020/3RMbaZ2VBcpQpvft2Xm1.jpg','sejarah',NULL,NULL,'PUBLISHED',0,'2020-11-19 21:01:30','2020-12-01 16:30:17',0),(13,1,8,'Visi dan Misi',NULL,NULL,'<p style=\"color: #000000; font-family: \'Times New Roman\'; font-size: medium; font-weight: 400;\"><span style=\"font-size: 18pt;\"><strong>A. Visi Sekolah</strong></span></p>\r\n<p style=\"color: #000000; font-family: \'Times New Roman\'; font-size: medium; font-weight: 400;\">1. Rumusan Visi</p>\r\n<p style=\"color: #000000; font-family: \'Times New Roman\'; font-size: medium; font-weight: 400;\">Sekolah Dasar Marsudirini Gedangan mengembangkan pribadi yang cerdas, beriman pada Tuhan, mencintai sesama dan alam ciptaanNya.</p>\r\n<p style=\"color: #000000; font-family: \'Times New Roman\'; font-size: medium; font-weight: 400;\">&nbsp;</p>\r\n<p style=\"color: #000000; font-family: \'Times New Roman\'; font-size: medium; font-weight: 400;\">2. Diskripsi</p>\r\n<p style=\"color: #000000; font-family: \'Times New Roman\'; font-size: medium; font-weight: 400;\">&nbsp;</p>\r\n<p style=\"color: #000000; font-family: \'Times New Roman\'; font-size: medium; font-weight: 400;\">Karya Pendidikan SD Marsudirini Gedangan bertujuan menghasilkan pribadi-pribadi yang mampu mengembangkan dirinya sendiri, mempunyai hubungan yang baik dengan Tuhan, sesama, dan seluruh alam ciptaan Tuhan. Sesuai dengan tingkat usia dan tingkat berpikirnya, peserta didik harus mampu berkembang menjadi pribadi yang utuh. Pribadi yang tidak hanya cerdas secara intelektual, namun juga cerdas emosi, rohani, dan sosialnya, serta memiliki kepedulian terhadap sesame dan alam ciptaan sesuai semangat Bapa Fransiskus Asisi dan Ibu Magdalena Daemen.</p>\r\n<p style=\"color: #000000; font-family: \'Times New Roman\'; font-size: medium; font-weight: 400;\">Kecerdasan yang dikembangkan meliputi kecerdasan intelektual, spiritual, emosi dan sosial. Dengan demikian lulusan (out put) SD Marsudirini Gedangan adalah pribadi yang seimbang. Keunggulan dalam pengetahuan dan ketrampilan, beriman dan bersosial diharapkan dapat digunakan secara bijaksana untuk kesejahteraan bersama, baik untuk sesama manusia maupun seluruh makhluk ciptaan Tuhan dan lingkungannya.</p>\r\n<p style=\"color: #000000; font-family: \'Times New Roman\'; font-size: medium; font-weight: 400;\">Sejalan dengan Visi SD Marsudirini Gedangan di atas, sejatinya ada 3 (tiga) aspek yang ingin ditanamkan dan dikembangkan dalam diri peserta didik selama mengenyam pendidikan di SD Marsudirini Gedangan Tiga aspek tersebut meliputi:</p>\r\n<p style=\"color: #000000; font-family: \'Times New Roman\'; font-size: medium; font-weight: 400;\">a. Mengembangkan pribadi yang cerdas</p>\r\n<p style=\"color: #000000; font-family: \'Times New Roman\'; font-size: medium; font-weight: 400;\">SD Marsudirini Gedangan meyakini bahwa pribadi-pribadi yang masuk ke SD Marsudirini Gedangan pada dasarnya merupakan pribadi-pribadi yang cerdas, namun masih perlu dikembangkan. Tugas sekolah dengan seluruh stakeholdernya adalah mendampingi peserta didik agar mereka mampu mengembangkan diri secara maksimal dan optimal, baik dari sisi intelektual, spiritual, emosi, sosial, maupun potensi-potensi (talenta) yang ada di dalam dirinya. Dengan berkembangnya kecerdasan mereka, diharapkan lulusan SD Marsudirini Gedangan mampu menjadi pribadi yang mampu mengolah dan mengendalikan dirinya, menyelesaikan permasalahan yang dihadapinya, dan mampu menerapkan pengetahuan dan ketrampilannya secara bijak dan benar bagi diri dan sesamanya.</p>\r\n<p style=\"color: #000000; font-family: \'Times New Roman\'; font-size: medium; font-weight: 400;\">b. Beriman pada Tuhan</p>\r\n<p style=\"color: #000000; font-family: \'Times New Roman\'; font-size: medium; font-weight: 400;\">SD Marsudirini Gedangan juga menyadari bahwa setiap pribadi merupakan makhluk spiritual, yang di dalam dirinya sudah tertanam benih-benih iman. Iman akan kasih dan penyelenggaraan Tuhan ini juga senantiasa perlu dikembangkan dan diperdalam. Dengan iman yang kokoh, diharapkan lulusan SD Marsudirini Gedangan memiliki sikap optimis (berpengharapan), penuh syukur, dan tidak terjebak dalam urusan duniawi semata dalam menjalani hidupnya.</p>\r\n<p style=\"color: #000000; font-family: \'Times New Roman\'; font-size: medium; font-weight: 400;\">c. Mencintai sesama dan alam ciptaan Tuhan</p>\r\n<p style=\"color: #000000; font-family: \'Times New Roman\'; font-size: medium; font-weight: 400;\">Sebagai makhluk sosial dan spiritual, peserta didik SD Marsudirini Gedangan diharapkan memiliki jiwa penuh kasih, peka atau peduli terhadap sesama (terutama yang kecil, lemah, miskin, tersingkir, dan difabel) dan seluruh alam ciptaan Tuhan. Sentuhan-sentuhan rohani dan manusiawi yang diberikan di SD Marsudirini Gedangan diharapkan mampu menyadarkan peserta didik untuk memiliki kepedulian dan keprihatinan pada masalah-masalah sosial dan lingkungan yang ada. Dengan demikian, peserta didik SD Marsudirini Gedangan mampu peduli dan melibatkan diri dalam sikap dan perbuatan untuk mencintai sesama dan lingkungannya.</p>\r\n<p style=\"color: #000000; font-family: \'Times New Roman\'; font-size: medium; font-weight: 400;\">3. Indikator Ketercapaian Visi:</p>\r\n<p style=\"color: #000000; font-family: \'Times New Roman\'; font-size: medium; font-weight: 400;\">a. Bagi Peserta Didik</p>\r\n<table class=\"MsoNormalTable\" style=\"margin-left: 27.0pt; border-collapse: collapse; mso-table-layout-alt: fixed; border: none; mso-border-alt: solid black .5pt; mso-yfti-tbllook: 1184; mso-padding-alt: 0mm 5.4pt 0mm 5.4pt; mso-border-insideh: .5pt solid black; mso-border-insidev: .5pt solid black;\" border=\"1\" width=\"1077\" cellspacing=\"0\" cellpadding=\"0\">\r\n<tbody>\r\n<tr>\r\n<td style=\"width: 28.05pt; border: solid black 1.0pt; mso-border-alt: solid black .5pt; padding: 0mm 5.4pt 0mm 5.4pt;\" valign=\"top\" width=\"37\">\r\n<p class=\"MsoNoSpacing\" style=\"text-align: center; text-indent: 5.7pt; tab-stops: 29.7pt; margin: 0mm -5.4pt .0001pt -5.7pt;\" align=\"center\"><span lang=\"EN-US\" style=\"font-size: 12.0pt; font-family: \'Times New Roman\',serif; mso-bidi-font-weight: bold;\">No</span></p>\r\n</td>\r\n<td style=\"width: 50.0mm; border: solid black 1.0pt; border-left: none; mso-border-left-alt: solid black .5pt; mso-border-alt: solid black .5pt; padding: 0mm 5.4pt 0mm 5.4pt;\" valign=\"top\" width=\"189\">\r\n<p class=\"MsoNoSpacing\" style=\"margin-right: 25.3pt; text-align: center;\" align=\"center\"><span lang=\"EN-US\" style=\"font-size: 12.0pt; font-family: \'Times New Roman\',serif; mso-bidi-font-weight: bold;\">Visi</span></p>\r\n</td>\r\n<td style=\"width: 637.85pt; border: solid black 1.0pt; border-left: none; mso-border-left-alt: solid black .5pt; mso-border-alt: solid black .5pt; padding: 0mm 5.4pt 0mm 5.4pt;\" valign=\"top\" width=\"850\">\r\n<p class=\"MsoNoSpacing\" style=\"margin-right: 25.3pt; text-align: center;\" align=\"center\"><span lang=\"EN-US\" style=\"font-size: 12.0pt; font-family: \'Times New Roman\',serif; mso-bidi-font-weight: bold;\">Indikator</span></p>\r\n</td>\r\n</tr>\r\n<tr>\r\n<td style=\"width: 28.05pt; border: solid black 1.0pt; border-top: none; mso-border-top-alt: solid black .5pt; mso-border-alt: solid black .5pt; padding: 0mm 5.4pt 0mm 5.4pt;\" valign=\"top\" width=\"37\">\r\n<p class=\"MsoNoSpacing\" style=\"margin-right: 25.3pt; tab-stops: 17.25pt;\"><span lang=\"EN-US\" style=\"font-size: 12.0pt; font-family: \'Times New Roman\',serif; mso-bidi-font-weight: bold;\">&nbsp;</span></p>\r\n<p class=\"MsoNoSpacing\" style=\"margin-right: 25.3pt; tab-stops: 17.25pt;\"><span lang=\"EN-US\" style=\"font-size: 12.0pt; font-family: \'Times New Roman\',serif; mso-bidi-font-weight: bold;\">&nbsp;</span></p>\r\n<p class=\"MsoNoSpacing\" style=\"margin-right: 25.3pt; tab-stops: 17.25pt;\"><span lang=\"EN-US\" style=\"font-size: 12.0pt; font-family: \'Times New Roman\',serif; mso-bidi-font-weight: bold;\">1</span></p>\r\n</td>\r\n<td style=\"width: 50.0mm; border-top: none; border-left: none; border-bottom: solid black 1.0pt; border-right: solid black 1.0pt; mso-border-top-alt: solid black .5pt; mso-border-left-alt: solid black .5pt; mso-border-alt: solid black .5pt; padding: 0mm 5.4pt 0mm 5.4pt;\" width=\"189\">\r\n<p class=\"MsoNoSpacing\" style=\"margin-right: -5.4pt; tab-stops: 59.6pt 109.65pt;\"><span lang=\"EN-US\" style=\"font-size: 12.0pt; font-family: \'Times New Roman\',serif; mso-bidi-font-weight: bold;\">Mengembangkan pribadi yang cerdas </span></p>\r\n</td>\r\n<td style=\"width: 637.85pt; border-top: none; border-left: none; border-bottom: solid black 1.0pt; border-right: solid black 1.0pt; mso-border-top-alt: solid black .5pt; mso-border-left-alt: solid black .5pt; mso-border-alt: solid black .5pt; padding: 0mm 5.4pt 0mm 5.4pt;\" valign=\"top\" width=\"850\">\r\n<p class=\"MsoNoSpacing\" style=\"margin-right: -5.4pt; text-align: justify; text-justify: inter-ideograph; tab-stops: 265.65pt;\"><span lang=\"EN-US\" style=\"font-size: 12.0pt; font-family: \'Times New Roman\',serif; mso-bidi-font-weight: bold;\">1. Terwujudnya peserta didik yang memiliki prestasi akademis (cerdas inteletual).</span></p>\r\n<p class=\"MsoNoSpacing\" style=\"text-align: justify; text-justify: inter-ideograph; tab-stops: 8.8pt 265.65pt;\"><span lang=\"EN-US\" style=\"font-size: 12.0pt; font-family: \'Times New Roman\',serif; mso-bidi-font-weight: bold;\">2. Terwujudnya peserta didik yang mampu mengelola dan mengendalikan dirinya (cerdas emosi).</span></p>\r\n<p class=\"MsoNoSpacing\" style=\"margin-right: 25.3pt; text-align: justify; text-justify: inter-ideograph; tab-stops: 8.8pt;\"><span lang=\"EN-US\" style=\"font-size: 12.0pt; font-family: \'Times New Roman\',serif; mso-bidi-font-weight: bold;\">3. Terwujudnya peserta didik yang memiliki iman kokoh/ kuat (cerdas spiritual).</span></p>\r\n<p class=\"MsoNoSpacing\" style=\"text-align: justify; text-justify: inter-ideograph; tab-stops: 8.8pt 265.65pt;\"><span lang=\"EN-US\" style=\"font-size: 12.0pt; font-family: \'Times New Roman\',serif; mso-bidi-font-weight: bold;\">4. Terwujudnya peserta didik yang mampu menjalin relasi yang sehat, peduli, dan penuh persaudaraan dengan sesamanya (cerdas </span></p>\r\n<p class=\"MsoNoSpacing\" style=\"text-align: justify; text-justify: inter-ideograph; tab-stops: 8.8pt 265.65pt;\"><span lang=\"EN-US\" style=\"font-size: 12.0pt; font-family: \'Times New Roman\',serif; mso-bidi-font-weight: bold;\">&nbsp;&nbsp;&nbsp;&nbsp; sosial).</span></p>\r\n</td>\r\n</tr>\r\n<tr>\r\n<td style=\"width: 28.05pt; border: solid black 1.0pt; border-top: none; mso-border-top-alt: solid black .5pt; mso-border-alt: solid black .5pt; padding: 0mm 5.4pt 0mm 5.4pt;\" valign=\"top\" width=\"37\">\r\n<p class=\"MsoNoSpacing\" style=\"margin-right: 25.3pt;\"><span lang=\"EN-US\" style=\"font-size: 12.0pt; font-family: \'Times New Roman\',serif; mso-bidi-font-weight: bold;\">&nbsp;</span></p>\r\n<p class=\"MsoNoSpacing\" style=\"margin-right: 25.3pt;\"><span lang=\"EN-US\" style=\"font-size: 12.0pt; font-family: \'Times New Roman\',serif; mso-bidi-font-weight: bold;\">&nbsp;</span></p>\r\n<p class=\"MsoNoSpacing\" style=\"margin-right: 25.3pt;\"><span lang=\"EN-US\" style=\"font-size: 12.0pt; font-family: \'Times New Roman\',serif; mso-bidi-font-weight: bold;\">2</span></p>\r\n</td>\r\n<td style=\"width: 50.0mm; border-top: none; border-left: none; border-bottom: solid black 1.0pt; border-right: solid black 1.0pt; mso-border-top-alt: solid black .5pt; mso-border-left-alt: solid black .5pt; mso-border-alt: solid black .5pt; padding: 0mm 5.4pt 0mm 5.4pt;\" width=\"189\">\r\n<p class=\"MsoNoSpacing\" style=\"margin-right: 25.3pt;\"><span lang=\"EN-US\" style=\"font-size: 12.0pt; font-family: \'Times New Roman\',serif; mso-bidi-font-weight: bold;\">Beriman pada Tuhan</span></p>\r\n</td>\r\n<td style=\"width: 637.85pt; border-top: none; border-left: none; border-bottom: solid black 1.0pt; border-right: solid black 1.0pt; mso-border-top-alt: solid black .5pt; mso-border-left-alt: solid black .5pt; mso-border-alt: solid black .5pt; padding: 0mm 5.4pt 0mm 5.4pt;\" valign=\"top\" width=\"850\">\r\n<p class=\"MsoNoSpacing\" style=\"margin-right: -5.4pt; text-align: justify; text-justify: inter-ideograph; tab-stops: 265.65pt;\"><span lang=\"EN-US\" style=\"font-size: 12.0pt; font-family: \'Times New Roman\',serif; mso-bidi-font-weight: bold;\">1. Terwujudnya peserta didik yang senatiasa menjalin relasi dengan Tuhan dalam hidupnya.</span></p>\r\n<p class=\"MsoNoSpacing\" style=\"margin-right: -5.4pt; text-align: justify; text-justify: inter-ideograph;\"><span lang=\"EN-US\" style=\"font-size: 12.0pt; font-family: \'Times New Roman\',serif; mso-bidi-font-weight: bold;\">2. Terwujudnya peserta didik yang mampu terlibat dan &nbsp;melibatkan diri dalam hidup menggereja dan &nbsp;kerohanian.</span></p>\r\n</td>\r\n</tr>\r\n<tr>\r\n<td style=\"width: 28.05pt; border: solid black 1.0pt; border-top: none; mso-border-top-alt: solid black .5pt; mso-border-alt: solid black .5pt; padding: 0mm 5.4pt 0mm 5.4pt;\" valign=\"top\" width=\"37\">\r\n<p class=\"MsoNoSpacing\" style=\"margin-right: 25.3pt;\"><span lang=\"EN-US\" style=\"font-size: 12.0pt; font-family: \'Times New Roman\',serif; mso-bidi-font-weight: bold;\">&nbsp;</span></p>\r\n<p class=\"MsoNoSpacing\" style=\"margin-right: 25.3pt;\"><span lang=\"EN-US\" style=\"font-size: 12.0pt; font-family: \'Times New Roman\',serif; mso-bidi-font-weight: bold;\">&nbsp;</span></p>\r\n<p class=\"MsoNoSpacing\" style=\"margin-right: 25.3pt;\"><span lang=\"EN-US\" style=\"font-size: 12.0pt; font-family: \'Times New Roman\',serif; mso-bidi-font-weight: bold;\">&nbsp;</span></p>\r\n<p class=\"MsoNoSpacing\" style=\"margin-right: 25.3pt;\"><span lang=\"EN-US\" style=\"font-size: 12.0pt; font-family: \'Times New Roman\',serif; mso-bidi-font-weight: bold;\">3</span></p>\r\n</td>\r\n<td style=\"width: 50.0mm; border-top: none; border-left: none; border-bottom: solid black 1.0pt; border-right: solid black 1.0pt; mso-border-top-alt: solid black .5pt; mso-border-left-alt: solid black .5pt; mso-border-alt: solid black .5pt; padding: 0mm 5.4pt 0mm 5.4pt;\" width=\"189\">\r\n<p class=\"MsoNoSpacing\" style=\"margin-right: -5.4pt;\"><span lang=\"EN-US\" style=\"font-size: 12.0pt; font-family: \'Times New Roman\',serif; mso-bidi-font-weight: bold;\">Mencintai sesama dan alam ciptaan Tuhan</span></p>\r\n</td>\r\n<td style=\"width: 637.85pt; border-top: none; border-left: none; border-bottom: solid black 1.0pt; border-right: solid black 1.0pt; mso-border-top-alt: solid black .5pt; mso-border-left-alt: solid black .5pt; mso-border-alt: solid black .5pt; padding: 0mm 5.4pt 0mm 5.4pt;\" valign=\"top\" width=\"850\">\r\n<p class=\"MsoNoSpacing\" style=\"text-align: justify; text-justify: inter-ideograph; tab-stops: 8.8pt 265.65pt;\"><span lang=\"EN-US\" style=\"font-size: 12.0pt; font-family: \'Times New Roman\',serif; mso-bidi-font-weight: bold;\">1. Terwujudnya peserta didik yang mampu &nbsp;meneladan Bunda Maria, semangat Santo </span></p>\r\n<p class=\"MsoNoSpacing\" style=\"text-align: justify; text-justify: inter-ideograph; tab-stops: 8.8pt 265.65pt;\"><span lang=\"EN-US\" style=\"font-size: 12.0pt; font-family: \'Times New Roman\',serif; mso-bidi-font-weight: bold;\">&nbsp;&nbsp;&nbsp; Fransiskus dan Ibu Magdalena Daemen dalam&nbsp; menjalin relasi dengan sesama (terutama </span></p>\r\n<p class=\"MsoNoSpacing\" style=\"text-align: justify; text-justify: inter-ideograph; tab-stops: 8.8pt 265.65pt;\"><span lang=\"EN-US\" style=\"font-size: 12.0pt; font-family: \'Times New Roman\',serif; mso-bidi-font-weight: bold;\">&nbsp;&nbsp;&nbsp; KLMTD) dan alam ciptaanNya</span></p>\r\n<p class=\"MsoNoSpacing\" style=\"margin-right: -5.4pt; text-align: justify; text-justify: inter-ideograph; tab-stops: 265.65pt;\"><span lang=\"EN-US\" style=\"font-size: 12.0pt; font-family: \'Times New Roman\',serif; mso-bidi-font-weight: bold;\">2. Terwujudnya peserta didik yang mampu &nbsp;terlibat dan melibatkan diri dalam menjaga </span></p>\r\n<p class=\"MsoNoSpacing\" style=\"margin-right: -5.4pt; text-align: justify; text-justify: inter-ideograph; tab-stops: 265.65pt;\"><span lang=\"EN-US\" style=\"font-size: 12.0pt; font-family: \'Times New Roman\',serif; mso-bidi-font-weight: bold;\">&nbsp;&nbsp;&nbsp; kelestarian &nbsp;lingkungan hidupnya.</span></p>\r\n</td>\r\n</tr>\r\n</tbody>\r\n</table>\r\n<p style=\"color: #000000; font-family: \'Times New Roman\'; font-size: medium; font-weight: 400;\">b. Bagi Pendidik dan Tenaga Kependidikan</p>\r\n<table class=\"MsoNormalTable\" style=\"margin-left: 27.0pt; border-collapse: collapse; mso-table-layout-alt: fixed; border: none; mso-border-alt: solid black .5pt; mso-yfti-tbllook: 1184; mso-padding-alt: 0mm 5.4pt 0mm 5.4pt; mso-border-insideh: .5pt solid black; mso-border-insidev: .5pt solid black;\" border=\"1\" width=\"1086\" cellspacing=\"0\" cellpadding=\"0\">\r\n<tbody>\r\n<tr>\r\n<td style=\"width: 28.05pt; border: solid black 1.0pt; mso-border-alt: solid black .5pt; padding: 0mm 5.4pt 0mm 5.4pt;\" valign=\"top\" width=\"37\">\r\n<p class=\"MsoNoSpacing\" style=\"text-align: center; text-indent: 5.7pt; tab-stops: 29.7pt; margin: 0mm -5.4pt .0001pt -5.7pt;\" align=\"center\"><span lang=\"EN-US\" style=\"font-size: 12.0pt; font-family: \'Times New Roman\',serif; mso-bidi-font-weight: bold;\">No</span></p>\r\n</td>\r\n<td style=\"width: 120.45pt; border: solid black 1.0pt; border-left: none; mso-border-left-alt: solid black .5pt; mso-border-alt: solid black .5pt; padding: 0mm 5.4pt 0mm 5.4pt;\" valign=\"top\" width=\"161\">\r\n<p class=\"MsoNoSpacing\" style=\"margin-right: 25.3pt; text-align: center;\" align=\"center\"><span lang=\"EN-US\" style=\"font-size: 12.0pt; font-family: \'Times New Roman\',serif; mso-bidi-font-weight: bold;\">Visi</span></p>\r\n</td>\r\n<td style=\"width: 666.25pt; border: solid black 1.0pt; border-left: none; mso-border-left-alt: solid black .5pt; mso-border-alt: solid black .5pt; padding: 0mm 5.4pt 0mm 5.4pt;\" valign=\"top\" width=\"888\">\r\n<p class=\"MsoNoSpacing\" style=\"margin-right: 25.3pt; text-align: center;\" align=\"center\"><span lang=\"EN-US\" style=\"font-size: 12.0pt; font-family: \'Times New Roman\',serif; mso-bidi-font-weight: bold;\">Indikator</span></p>\r\n</td>\r\n</tr>\r\n<tr style=\"mso-yfti-irow: 1; height: 71.05pt;\">\r\n<td style=\"width: 28.05pt; border: solid black 1.0pt; border-top: none; mso-border-top-alt: solid black .5pt; mso-border-alt: solid black .5pt; padding: 0mm 5.4pt 0mm 5.4pt; height: 71.05pt;\" width=\"37\">\r\n<p class=\"MsoNoSpacing\" style=\"margin-right: 25.3pt; text-align: center; tab-stops: 17.25pt;\" align=\"center\"><span lang=\"EN-US\" style=\"font-size: 12.0pt; font-family: \'Times New Roman\',serif; mso-bidi-font-weight: bold;\">&nbsp;</span></p>\r\n<p class=\"MsoNoSpacing\" style=\"margin-right: 25.3pt; text-align: center; tab-stops: 17.25pt;\" align=\"center\"><span lang=\"EN-US\" style=\"font-size: 12.0pt; font-family: \'Times New Roman\',serif; mso-bidi-font-weight: bold;\">1</span></p>\r\n</td>\r\n<td style=\"width: 120.45pt; border-top: none; border-left: none; border-bottom: solid black 1.0pt; border-right: solid black 1.0pt; mso-border-top-alt: solid black .5pt; mso-border-left-alt: solid black .5pt; mso-border-alt: solid black .5pt; padding: 0mm 5.4pt 0mm 5.4pt; height: 71.05pt;\" width=\"161\">\r\n<p class=\"MsoNoSpacing\" style=\"margin-right: -5.4pt; tab-stops: 59.6pt 109.65pt;\"><span lang=\"EN-US\" style=\"font-size: 12.0pt; font-family: \'Times New Roman\',serif; mso-bidi-font-weight: bold;\">Mengembangkan pribadi yang cerdas </span></p>\r\n</td>\r\n<td style=\"width: 666.25pt; border-top: none; border-left: none; border-bottom: solid black 1.0pt; border-right: solid black 1.0pt; mso-border-top-alt: solid black .5pt; mso-border-left-alt: solid black .5pt; mso-border-alt: solid black .5pt; padding: 0mm 5.4pt 0mm 5.4pt; height: 71.05pt;\" valign=\"top\" width=\"888\">\r\n<p class=\"MsoNoSpacing\" style=\"margin-right: -5.4pt; text-align: justify; text-justify: inter-ideograph; tab-stops: 265.65pt;\"><span lang=\"EN-US\" style=\"font-size: 12.0pt; font-family: \'Times New Roman\',serif; mso-bidi-font-weight: bold;\">1. Terwujudnya &nbsp;Pendidik dan Tenaga Kependidikan yang profesional dan cakap dalam melaksanakan tugasnya.</span></p>\r\n<p class=\"MsoNoSpacing\" style=\"text-align: justify; text-justify: inter-ideograph; tab-stops: 8.8pt 265.65pt;\"><span lang=\"EN-US\" style=\"font-size: 12.0pt; font-family: \'Times New Roman\',serif; mso-bidi-font-weight: bold;\">2. Terwujudnya Pendidik dan Tenaga Kependidikan yang mampu mengelola dan mengendalikan dirinya &nbsp;dalam hidup sehari-hari.</span></p>\r\n<p class=\"MsoNoSpacing\" style=\"margin-right: 25.3pt; text-align: justify; text-justify: inter-ideograph; tab-stops: 8.8pt;\"><span lang=\"EN-US\" style=\"font-size: 12.0pt; font-family: \'Times New Roman\',serif; mso-bidi-font-weight: bold;\">3. Terwujudnya Pendidik dan Tenaga Kependidikan yang memiliki iman kokoh/kuat.</span></p>\r\n<p class=\"MsoNoSpacing\" style=\"text-align: justify; text-justify: inter-ideograph; tab-stops: 8.8pt 265.65pt;\"><span lang=\"EN-US\" style=\"font-size: 12.0pt; font-family: \'Times New Roman\',serif; mso-bidi-font-weight: bold;\">4. Terwujudnya Pendidik dan Tenaga Kependidikan yang mampu menjalin &nbsp;relasi yang sehat, peduli, dan penuh persaudaraan dengan </span></p>\r\n<p class=\"MsoNoSpacing\" style=\"text-align: justify; text-justify: inter-ideograph; tab-stops: 8.8pt 265.65pt;\"><span lang=\"EN-US\" style=\"font-size: 12.0pt; font-family: \'Times New Roman\',serif; mso-bidi-font-weight: bold;\">&nbsp;&nbsp;&nbsp; sesama guru, karyawan, peserta didik, orang tua siswa, dan masyarakat.</span></p>\r\n</td>\r\n</tr>\r\n<tr style=\"mso-yfti-irow: 2; height: 41.6pt;\">\r\n<td style=\"width: 28.05pt; border: solid black 1.0pt; border-top: none; mso-border-top-alt: solid black .5pt; mso-border-alt: solid black .5pt; padding: 0mm 5.4pt 0mm 5.4pt; height: 41.6pt;\" valign=\"top\" width=\"37\">\r\n<p class=\"MsoNoSpacing\" style=\"margin-right: 25.3pt;\"><span lang=\"EN-US\" style=\"font-size: 12.0pt; font-family: \'Times New Roman\',serif; mso-bidi-font-weight: bold;\">&nbsp;</span></p>\r\n<p class=\"MsoNoSpacing\" style=\"margin-right: 25.3pt;\"><span lang=\"EN-US\" style=\"font-size: 12.0pt; font-family: \'Times New Roman\',serif; mso-bidi-font-weight: bold;\">2</span></p>\r\n<p class=\"MsoNoSpacing\" style=\"margin-right: 25.3pt;\"><span lang=\"EN-US\" style=\"font-size: 12.0pt; font-family: \'Times New Roman\',serif; mso-bidi-font-weight: bold;\">&nbsp;</span></p>\r\n</td>\r\n<td style=\"width: 120.45pt; border-top: none; border-left: none; border-bottom: solid black 1.0pt; border-right: solid black 1.0pt; mso-border-top-alt: solid black .5pt; mso-border-left-alt: solid black .5pt; mso-border-alt: solid black .5pt; padding: 0mm 5.4pt 0mm 5.4pt; height: 41.6pt;\" width=\"161\">\r\n<p class=\"MsoNoSpacing\" style=\"margin-right: 25.3pt;\"><span lang=\"EN-US\" style=\"font-size: 12.0pt; font-family: \'Times New Roman\',serif; mso-bidi-font-weight: bold;\">Beriman pada Tuhan</span></p>\r\n</td>\r\n<td style=\"width: 666.25pt; border-top: none; border-left: none; border-bottom: solid black 1.0pt; border-right: solid black 1.0pt; mso-border-top-alt: solid black .5pt; mso-border-left-alt: solid black .5pt; mso-border-alt: solid black .5pt; padding: 0mm 5.4pt 0mm 5.4pt; height: 41.6pt;\" valign=\"top\" width=\"888\">\r\n<p class=\"MsoNoSpacing\" style=\"margin-right: -5.4pt; text-align: justify; text-justify: inter-ideograph; tab-stops: 265.65pt;\"><span lang=\"EN-US\" style=\"font-size: 12.0pt; font-family: \'Times New Roman\',serif; mso-bidi-font-weight: bold;\">1. Terwujudnya Pendidik dan Tenaga Kependidikan yang senatiasa menjalin relasi dengan Tuhan dalam hidupnya.</span></p>\r\n<p class=\"MsoNoSpacing\" style=\"margin-right: 25.3pt; text-align: justify; text-justify: inter-ideograph;\"><span lang=\"EN-US\" style=\"font-size: 12.0pt; font-family: \'Times New Roman\',serif; mso-bidi-font-weight: bold;\">2. Terwujudnya Pendidik dan Tenaga Kependidikan &nbsp;yang mampu terlibat dan melibatkan diri dalam&nbsp; hidup menggereja dan </span></p>\r\n<p class=\"MsoNoSpacing\" style=\"margin-right: 25.3pt; text-align: justify; text-justify: inter-ideograph;\"><span lang=\"EN-US\" style=\"font-size: 12.0pt; font-family: \'Times New Roman\',serif; mso-bidi-font-weight: bold;\">&nbsp;&nbsp;&nbsp;&nbsp; kerohanian.</span></p>\r\n</td>\r\n</tr>\r\n<tr>\r\n<td style=\"width: 28.05pt; border: solid black 1.0pt; border-top: none; mso-border-top-alt: solid black .5pt; mso-border-alt: solid black .5pt; padding: 0mm 5.4pt 0mm 5.4pt;\" valign=\"top\" width=\"37\">\r\n<p class=\"MsoNoSpacing\" style=\"margin-right: 25.3pt;\"><span lang=\"EN-US\" style=\"font-size: 12.0pt; font-family: \'Times New Roman\',serif; mso-bidi-font-weight: bold;\">&nbsp;</span></p>\r\n<p class=\"MsoNoSpacing\" style=\"margin-right: 25.3pt;\"><span lang=\"EN-US\" style=\"font-size: 12.0pt; font-family: \'Times New Roman\',serif; mso-bidi-font-weight: bold;\">&nbsp;</span></p>\r\n<p class=\"MsoNoSpacing\" style=\"margin-right: 25.3pt;\"><span lang=\"EN-US\" style=\"font-size: 12.0pt; font-family: \'Times New Roman\',serif; mso-bidi-font-weight: bold;\">3</span></p>\r\n<p class=\"MsoNoSpacing\" style=\"margin-right: 25.3pt;\"><span lang=\"EN-US\" style=\"font-size: 12.0pt; font-family: \'Times New Roman\',serif; mso-bidi-font-weight: bold;\">&nbsp;</span></p>\r\n</td>\r\n<td style=\"width: 120.45pt; border-top: none; border-left: none; border-bottom: solid black 1.0pt; border-right: solid black 1.0pt; mso-border-top-alt: solid black .5pt; mso-border-left-alt: solid black .5pt; mso-border-alt: solid black .5pt; padding: 0mm 5.4pt 0mm 5.4pt;\" width=\"161\">\r\n<p class=\"MsoNoSpacing\" style=\"margin-right: -5.4pt;\"><span lang=\"EN-US\" style=\"font-size: 12.0pt; font-family: \'Times New Roman\',serif; mso-bidi-font-weight: bold;\">Mencintai sesama dan alam ciptaan Tuhan</span></p>\r\n</td>\r\n<td style=\"width: 666.25pt; border-top: none; border-left: none; border-bottom: solid black 1.0pt; border-right: solid black 1.0pt; mso-border-top-alt: solid black .5pt; mso-border-left-alt: solid black .5pt; mso-border-alt: solid black .5pt; padding: 0mm 5.4pt 0mm 5.4pt;\" valign=\"top\" width=\"888\">\r\n<p class=\"MsoNoSpacing\" style=\"text-align: justify; text-justify: inter-ideograph; tab-stops: 8.8pt 265.65pt;\"><span lang=\"EN-US\" style=\"font-size: 12.0pt; font-family: \'Times New Roman\',serif; mso-bidi-font-weight: bold;\">1. Terwujudnya Pendidik&nbsp; dan Tenaga Kependidikan&nbsp; yang mampu meneladan Bunda Maria, &nbsp;semangat Santo Fransiskus, &nbsp;dan Ibu </span></p>\r\n<p class=\"MsoNoSpacing\" style=\"text-align: justify; text-justify: inter-ideograph; tab-stops: 8.8pt 265.65pt;\"><span lang=\"EN-US\" style=\"font-size: 12.0pt; font-family: \'Times New Roman\',serif; mso-bidi-font-weight: bold;\">&nbsp;&nbsp;&nbsp; Magdalena Daemen dalam &nbsp;menjalin relasi dengan sesama, terutama yang KLMTD dan alam ciptaanNya</span></p>\r\n<p class=\"MsoNoSpacing\" style=\"margin-right: -5.4pt; text-align: justify; text-justify: inter-ideograph; tab-stops: 265.65pt;\"><span lang=\"EN-US\" style=\"font-size: 12.0pt; font-family: \'Times New Roman\',serif; mso-bidi-font-weight: bold;\">2. Terwujudnya Pendidik dan Tenaga Kependidikan yang mampu terlibat dan &nbsp;melibatkan diri &nbsp;&nbsp;dalam menjaga &nbsp;kelestarian &nbsp;lingkungan </span></p>\r\n<p class=\"MsoNoSpacing\" style=\"margin-right: -5.4pt; text-align: justify; text-justify: inter-ideograph; tab-stops: 265.65pt;\"><span lang=\"EN-US\" style=\"font-size: 12.0pt; font-family: \'Times New Roman\',serif; mso-bidi-font-weight: bold;\">&nbsp;&nbsp;&nbsp; hidupnya.</span></p>\r\n</td>\r\n</tr>\r\n</tbody>\r\n</table>\r\n<p style=\"color: #000000; font-family: \'Times New Roman\'; font-size: medium; font-weight: 400;\">c. Nilai atau Karakter yang Dikembangkan</p>\r\n<p style=\"color: #000000; font-family: \'Times New Roman\'; font-size: medium; font-weight: 400;\">Nilai-nilai yang ditanamkan dan dikembangkan baik bagi peserta didik baik melalui pelajaran kemarsudirinian dan agama, terintegrasi dalam mata pelajaran profan, kegiatan-kegiatan, pembiasan, dan simbol-simbol, dan sekaligus yang mendasari dan dihidupi oleh pendidik dan tenaga kependidikan SD Virgo Maria 1 Ambarawa adalah:</p>\r\n<p style=\"color: #000000; font-family: \'Times New Roman\'; font-size: medium; font-weight: 400;\">&nbsp;</p>\r\n<p style=\"color: #000000; font-family: \'Times New Roman\'; font-size: medium; font-weight: 400;\"><span style=\"font-size: 18pt;\"><strong>B. Misi Sekolah</strong></span></p>\r\n<p style=\"color: #000000; font-family: \'Times New Roman\'; font-size: medium; font-weight: 400;\">a. Bagi Peserta Didik</p>\r\n<p style=\"color: #000000; font-family: \'Times New Roman\'; font-size: medium; font-weight: 400; padding-left: 40px;\">1. Mengoptimalkan proses belajar mengajar dan bimbingan, serta mengembangkan potensi peserta didik berdasarkan bakat dan minatnya. (Visi: 1.1)</p>\r\n<p style=\"color: #000000; font-family: \'Times New Roman\'; font-size: medium; font-weight: 400; padding-left: 40px;\">2. Mengembangkan pendidikan karakter melalui pengintegrasian nilai-nilai/ sikap/karakter dalam pembelajaran dan pembiasaan.(Visi:1.2)</p>\r\n<p style=\"color: #000000; font-family: \'Times New Roman\'; font-size: medium; font-weight: 400; padding-left: 40px;\">3. Menanamkan nilai-nilai Kristiani, teladan Bunda Maria, semangat Bapa Fransiskus Asisi dan Ibu Magdalena Daemen melalui pelajaran kemarsudirian, kegiatan keagamaan, dan pembiasaan. (Visi: 1.3, 2.1, 3.1)</p>\r\n<p style=\"color: #000000; font-family: \'Times New Roman\'; font-size: medium; font-weight: 400; padding-left: 40px;\">4. Menanamkan semangat melayani dan melibatkan diri dalam kegiatan pelayanan kerohanian dan gerejawi. (Visi: 2.2)</p>\r\n<p style=\"color: #000000; font-family: \'Times New Roman\'; font-size: medium; font-weight: 400; padding-left: 40px;\">5. Membina kemampuan peserta didik dalam menjalin relasi yang sehat, peduli, dan penuh persaudaraan dengan sesamanya, serta berpartisipasi dalam kegiatan pemeliharaan dan pelestarian lingkungan alam. (Visi:1.4, 3.2)</p>\r\n<p style=\"color: #000000; font-family: \'Times New Roman\'; font-size: medium; font-weight: 400;\">b. Bagi Pendidik dan Tenaga Kependidikan</p>\r\n<p style=\"color: #000000; font-family: \'Times New Roman\'; font-size: medium; font-weight: 400; padding-left: 40px;\">1. Mengembangkan diri Pendidik dan Tenaga Kependidikan agar mampu mengoptimalkan proses belajar mengajar dan bimbingan, serta mengembangkan potensi peserta didik berdasarkan bakat dan minatnya. (Visi: 1.1)</p>\r\n<p style=\"color: #000000; font-family: \'Times New Roman\'; font-size: medium; font-weight: 400; padding-left: 40px;\">2. Mengembangkan pendidikan karakter melalui pengintegrasian nilai-nilai/ sikap/karakter dalam pembelajaran dan pembiasaan.(Visi:1.2)</p>\r\n<p style=\"color: #000000; font-family: \'Times New Roman\'; font-size: medium; font-weight: 400; padding-left: 40px;\">3. Menanamkan nilai-nilai Kristiani, teladan Bunda Maria, semangat Bapa Fransiskus Asisi dan Ibu Magdalena Daemen melalui pelajaran kemarsudirian, kegiatan keagamaan, dan pembiasaan. (Visi: 1.3, 2.1, 3.1)</p>\r\n<p style=\"color: #000000; font-family: \'Times New Roman\'; font-size: medium; font-weight: 400; padding-left: 40px;\">4. Menanamkan semangat melayani dan melibatkan diri dalam kegiatan pelayanan kerohanian dan gerejawi. (Visi: 2.2)</p>\r\n<p style=\"color: #000000; font-family: \'Times New Roman\'; font-size: medium; font-weight: 400; padding-left: 40px;\">5. Membina kemampuan Pendidik dan Tenaga Kependidikan dalam menjalin relasi yang sehat, peduli, dan penuh persaudaraan dengan sesamanya, serta berpartisipasi dalam kegiatan pemeliharaan dan pelestarian lingkungan alam. (Visi:1.4, 3.2)</p>\r\n<p style=\"color: #000000; font-family: \'Times New Roman\'; font-size: medium; font-weight: 400; padding-left: 40px;\">&nbsp;</p>\r\n<p style=\"color: #000000; font-family: \'Times New Roman\'; font-size: medium; font-weight: 400;\"><span style=\"font-size: 18pt;\"><strong>C. Tujuan Sekolah</strong></span></p>\r\n<p style=\"color: #000000; font-family: \'Times New Roman\'; font-size: medium; font-weight: 400;\">1. Mengoptimalkan proses belajar mengajar dengan menerapkan pembelajaran yang PAIKEM (Pembelajaran yang aktif, inovatif, kreatif, efektif, dan menyenangkan). (Misi: 1)</p>\r\n<p style=\"color: #000000; font-family: \'Times New Roman\'; font-size: medium; font-weight: 400;\">2. Mengembangkan pembelajaran yang menuju/mengacu kecapakan abad 21 dengan mengintegrasikan kecakapan pengetahuan, krtrampilan, serta penguasaan Teknologi Informasi dan Komunikasi (TIK) melalui ketrampilan berpikir tingkat tinggi (HOTS), kecakapan 4 C (critical thinking, communication skill, creativity and innovation, dan collaboration), dan kegiatan literasi. Misi: 1)</p>\r\n<p style=\"color: #000000; font-family: \'Times New Roman\'; font-size: medium; font-weight: 400;\">3. Mengoptimalkan kegiatan bimbingan dan kegiatan ekstrakurikuler untuk mengembangkan potensi peserta didik sesuai bakat dan minatnya. (Misi: 1)</p>\r\n<p style=\"color: #000000; font-family: \'Times New Roman\'; font-size: medium; font-weight: 400;\">4. Mengembangkan pendidikan karakter (PPK) melalui pengintegrasian nilai-nilai/sikap/karakter dalam pembelajaran dan pembiasaan.(Misi:2)</p>\r\n<p style=\"color: #000000; font-family: \'Times New Roman\'; font-size: medium; font-weight: 400;\">5. Menanamkan nilai-nilai Kristiani, teladan Bunda Maria, semangat Bapa Fransiskus Asisi dan Ibu Magdalena Daemen melalui pelajaran kemarsudirian dan agama, terintegrasi dalam pembelajaran profan, kegiatan kerohanian, dan pembiasaan. (Misi: 3)</p>\r\n<p style=\"color: #000000; font-family: \'Times New Roman\'; font-size: medium; font-weight: 400;\">6. Menanamkan semangat melayani dan melibatkan diri peserta didik dalam kegiatan pelayanan keagamaan/kerohanian dan gerejawi. (Misi: 4)</p>\r\n<p style=\"color: #000000; font-family: \'Times New Roman\'; font-size: medium; font-weight: 400;\">7. Melakukan pembinaan pada peserta didik agar mampu menjalin relasi yang sehat, peduli, dan penuh persaudaraan dengan sesamanya, serta berpartisipasi dalam kegiatan pemeliharaan dan pelestarian lingkungan alam. (Misi: 5)</p>\r\n<p style=\"color: #000000; font-family: \'Times New Roman\'; font-size: medium; font-weight: 400;\">&nbsp;</p>\r\n<p style=\"color: #000000; font-family: \'Times New Roman\'; font-size: medium; font-weight: 400;\"><span style=\"font-size: 18pt;\"><strong>D. Strategi Sekolah</strong></span></p>\r\n<p style=\"color: #000000; font-family: \'Times New Roman\'; font-size: medium; font-weight: 400;\">1. Menerapkan pendekatan saintifik (ada proses 5 M), Pendekatan kontektual, Project Based Learning, Problem Based Learning, dan Discovery Learning dengan member kesempatan kepada peserta didik untu aktif, berinovasi, kreatif, dan menekankan kerjasama peserta didik dan efektif dalam pembelajaran. (Tujuan 1)</p>\r\n<p style=\"color: #000000; font-family: \'Times New Roman\'; font-size: medium; font-weight: 400;\">2. Menyusun perangkat pembelajaran dan melaksanakan proses pembelajran yang mengintegrasikan kecakapan pengetahuan, ketrampilan, serta penguasaan Teknologi Informasi dan Komunikasi (TIK) melalui ketrampilan berpikir tingkat tinggi (HOTS), kecakapan 4 C (critical thinking, communication skill, creativity and innovation, dan collaboration), dan kegiatan literasi. (Tujuan 2)</p>\r\n<p style=\"color: #000000; font-family: \'Times New Roman\'; font-size: medium; font-weight: 400;\">3. Melaksanakan mata pelajaran muatan lokal sekolah komputer (TIK) dan kegiatan literasi pada pagi hari sebelum mulai pelajaran, setelah pelajaran, dan kegiatan perpustakaan. (Tujuan 2)</p>\r\n<p style=\"color: #000000; font-family: \'Times New Roman\'; font-size: medium; font-weight: 400;\">4. Menyusun dan melaksanakan program bimbingan pada peserta didik, mengadakan program perbaikan dan pengayaan oleh guru kelas (Tujuan 3)</p>\r\n<p style=\"color: #000000; font-family: \'Times New Roman\'; font-size: medium; font-weight: 400;\">5. Melaksanakan kegiatan ekstrakurikuler wajib dan pilihan untuk peserta didik (Tujuan 3)</p>\r\n<p style=\"color: #000000; font-family: \'Times New Roman\'; font-size: medium; font-weight: 400;\">6. Menanamkan nilai-nilai karakter bangsa (PPK) dengan mengintegrasikannya dalam mata pelajaran, kegiatan, pembiasaan, dan simbol-simbol atau tulisan .(Tujuan 4)</p>\r\n<p style=\"color: #000000; font-family: \'Times New Roman\'; font-size: medium; font-weight: 400;\">7. Menanamkan nilai-nilai Kristiani, teladan Bunda Maria, semangat Bapa Fransiskus Asisi dan Ibu Magdalena Daemen melalui pelajaran kemarsudirian dan agama, (Tujuan5).</p>\r\n<p style=\"color: #000000; font-family: \'Times New Roman\'; font-size: medium; font-weight: 400;\">8. Mengintegrasikan nilai-nilai Kristiani, teladan Bunda Maria, dan semangat Bapa Fransiskus Asisi dan Ibu Magdalena Daemen dalam pembelajaran profan. (Tujuan 5)</p>\r\n<p style=\"color: #000000; font-family: \'Times New Roman\'; font-size: medium; font-weight: 400;\">9. Melaksanakan kegiatan kerohanian, pembiasaan-pembiasaan, dan memasang simbol-simbol, tulisan, atau gambar yang mendukung penanaman nilai kristiani dan teladan Bunda Maria, semangat Bapa Fransiskus Asisi dan Ibu Magdalena Daemen (Tujuan 5)</p>\r\n<p style=\"color: #000000; font-family: \'Times New Roman\'; font-size: medium; font-weight: 400;\">10. Menanamkan semangat melayani dan melibatkan diri peserta didik dalam kegiatan pelayanan keagamaan/kerohanian dan gerejawi, dengan kegiatan: memimpin doa, menjadi lektor, tugas kor, kolektan, misdinar, dll. (Tujuan 6)</p>\r\n<p style=\"color: #000000; font-family: \'Times New Roman\'; font-size: medium; font-weight: 400;\">11. Mengadakan pembinaan secara lisan, tulisan, maupun praktik serta program pembiasaan agar peserta didik memiliki semangat persaudaraan, relasi yang sehat, peduli pada sesama: aksi sosial, menengok teman sakit, kunjungan ke panti jompo/asuhan, pemberian nasihat, amanat uapacara, dll (Tujuan 7)</p>\r\n<p style=\"color: #000000; font-family: \'Times New Roman\'; font-size: medium; font-weight: 400;\">12. Mengadakan kegiatan untuk memupuk dan melibatkan peserta didik ikut berpartisipasi dalam kegiatan pemeliharaan dan pelestarian lingkungan alam: bakti sosial/kerja bakti, sisemut (siswa sejenak memungut), memilah dan menaruh sampah pada tempat sampah, menyiram tanaman, dll. (Tujuan 7)</p>','posts/November2020/sBl4SKGmoIfJqHIBpd9U.jpg','visi-dan-misi',NULL,NULL,'PUBLISHED',0,'2020-11-19 21:03:46','2020-12-01 09:36:45',0),(14,1,8,'Mars Sekolah',NULL,NULL,'<p><img src=\"https://www.sofies-world.com/wp-content/uploads/2018/12/coming-soon-1024x576.png\" alt=\"Coming Soon! &ndash; Sofie\'s World\" /></p>','posts/November2020/lLGjWbIJCC3Kj21VxpJI.jpg','mars-sekolah',NULL,NULL,'PUBLISHED',0,'2020-11-19 21:06:20','2020-12-01 09:56:27',0),(15,1,8,'Guru dan Karyawan',NULL,'Enim nulla aliquet porttitor lacus. Pulvinar pellentesque habitant morbi tristique senectus et. Sit amet facilisis magna etiam tempor orci eu lobortis. Et magnis dis parturient montes nascetur ridiculus mus mauris. Ornare suspendisse sed nisi lacus. Fermentum leo vel orci porta non pulvinar neque laoreet. Consectetur lorem donec massa sapien faucibus. Cursus vitae congue mauris rhoncus aenean. Fames ac turpis egestas sed tempus. Rhoncus mattis rhoncus urna neque viverra justo nec ultrices dui.','<div class=\"guruimgcontainer\" style=\"display: inline-block; border-radius: 14px; width: 260px; margin: 0.82vw; overflow: auto; transition: 0.3s;\">\r\n<div class=\"guruimg\" style=\"width: 230px; height: 230px; border-radius: 50%; overflow: hidden; align-items: center; justify-content: center; box-shadow: 0px 3px 6px 2px #00000052; box-sizing: border-box; transition: 0.2s; margin: 10px 15px 14px 15px;\"><img style=\"object-fit: cover; width: 230px; height: 230px; transition: 0.7s;\" src=\"http://sdmarsudirinigedangan.sch.id//storage/posts/December2020/1.jpg\" /></div>\r\n<p style=\"text-align: center; margin: 0px; font-size: 12pt;\">Nama Guru</p>\r\n<p style=\"text-align: center; margin-top: 5px; font-size: 10pt; color: rgba(0, 0, 0, 0.493);\">primary role</p>\r\n</div>\r\n<div class=\"guruimgcontainer\" style=\"display: inline-block; border-radius: 14px; width: 260px; margin: 0.82vw; overflow: auto; transition: 0.3s;\">\r\n<div class=\"guruimg\" style=\"width: 230px; height: 230px; border-radius: 50%; overflow: hidden; align-items: center; justify-content: center; box-shadow: 0px 3px 6px 2px #00000052; box-sizing: border-box; transition: 0.2s; margin: 10px 15px 14px 15px;\"><img style=\"object-fit: cover; width: 230px; height: 230px; transition: 0.7s;\" src=\"http://sdmarsudirinigedangan.sch.id//storage/posts/December2020/2.jpg\" /></div>\r\n<p style=\"text-align: center; margin: 0px; font-size: 12pt;\">Nama Guru</p>\r\n<p style=\"text-align: center; margin-top: 5px; font-size: 10pt; color: rgba(0, 0, 0, 0.493);\">primary role</p>\r\n</div>\r\n<div class=\"guruimgcontainer\" style=\"display: inline-block; border-radius: 14px; width: 260px; margin: 0.82vw; overflow: auto; transition: 0.3s;\">\r\n<div class=\"guruimg\" style=\"width: 230px; height: 230px; border-radius: 50%; overflow: hidden; align-items: center; justify-content: center; box-shadow: 0px 3px 6px 2px #00000052; box-sizing: border-box; transition: 0.2s; margin: 10px 15px 14px 15px;\"><img style=\"object-fit: cover; width: 230px; height: 230px; transition: 0.7s;\" src=\"http://sdmarsudirinigedangan.sch.id//storage/posts/December2020/3.jpg\" /></div>\r\n<p style=\"text-align: center; margin: 0px; font-size: 12pt;\">Nama Guru</p>\r\n<p style=\"text-align: center; margin-top: 5px; font-size: 10pt; color: rgba(0, 0, 0, 0.493);\">primary role</p>\r\n</div>\r\n<div class=\"guruimgcontainer\" style=\"display: inline-block; border-radius: 14px; width: 260px; margin: 0.82vw; overflow: auto; transition: 0.3s;\">\r\n<div class=\"guruimg\" style=\"width: 230px; height: 230px; border-radius: 50%; overflow: hidden; align-items: center; justify-content: center; box-shadow: 0px 3px 6px 2px #00000052; box-sizing: border-box; transition: 0.2s; margin: 10px 15px 14px 15px;\"><img style=\"object-fit: cover; width: 230px; height: 230px; transition: 0.7s;\" src=\"http://sdmarsudirinigedangan.sch.id//storage/posts/December2020/4.jpg\" /></div>\r\n<p style=\"text-align: center; margin: 0px; font-size: 12pt;\">Nama Guru</p>\r\n<p style=\"text-align: center; margin-top: 5px; font-size: 10pt; color: rgba(0, 0, 0, 0.493);\">primary role</p>\r\n</div>\r\n<div class=\"guruimgcontainer\" style=\"display: inline-block; border-radius: 14px; width: 260px; margin: 0.82vw; overflow: auto; transition: 0.3s;\">\r\n<div class=\"guruimg\" style=\"width: 230px; height: 230px; border-radius: 50%; overflow: hidden; align-items: center; justify-content: center; box-shadow: 0px 3px 6px 2px #00000052; box-sizing: border-box; transition: 0.2s; margin: 10px 15px 14px 15px;\"><img style=\"object-fit: cover; width: 230px; height: 230px; transition: 0.7s;\" src=\"http://sdmarsudirinigedangan.sch.id//storage/posts/December2020/5.jpg\" /></div>\r\n<p style=\"text-align: center; margin: 0px; font-size: 12pt;\">Nama Guru</p>\r\n<p style=\"text-align: center; margin-top: 5px; font-size: 10pt; color: rgba(0, 0, 0, 0.493);\">primary role</p>\r\n</div>\r\n<div class=\"guruimgcontainer\" style=\"display: inline-block; border-radius: 14px; width: 260px; margin: 0.82vw; overflow: auto; transition: 0.3s;\">\r\n<div class=\"guruimg\" style=\"width: 230px; height: 230px; border-radius: 50%; overflow: hidden; align-items: center; justify-content: center; box-shadow: 0px 3px 6px 2px #00000052; box-sizing: border-box; transition: 0.2s; margin: 10px 15px 14px 15px;\"><img style=\"object-fit: cover; width: 230px; height: 230px; transition: 0.7s;\" src=\"http://sdmarsudirinigedangan.sch.id//storage/posts/December2020/6.jpg\" /></div>\r\n<p style=\"text-align: center; margin: 0px; font-size: 12pt;\">Nama Guru</p>\r\n<p style=\"text-align: center; margin-top: 5px; font-size: 10pt; color: rgba(0, 0, 0, 0.493);\">primary role</p>\r\n</div>\r\n<div class=\"guruimgcontainer\" style=\"display: inline-block; border-radius: 14px; width: 260px; margin: 0.82vw; overflow: auto; transition: 0.3s;\">\r\n<div class=\"guruimg\" style=\"width: 230px; height: 230px; border-radius: 50%; overflow: hidden; align-items: center; justify-content: center; box-shadow: 0px 3px 6px 2px #00000052; box-sizing: border-box; transition: 0.2s; margin: 10px 15px 14px 15px;\"><img style=\"object-fit: cover; width: 230px; height: 230px; transition: 0.7s;\" src=\"http://sdmarsudirinigedangan.sch.id//storage/posts/December2020/7.jpg\" /></div>\r\n<p style=\"text-align: center; margin: 0px; font-size: 12pt;\">Nama Guru</p>\r\n<p style=\"text-align: center; margin-top: 5px; font-size: 10pt; color: rgba(0, 0, 0, 0.493);\">primary role</p>\r\n</div>\r\n<div class=\"guruimgcontainer\" style=\"display: inline-block; border-radius: 14px; width: 260px; margin: 0.82vw; overflow: auto; transition: 0.3s;\">\r\n<div class=\"guruimg\" style=\"width: 230px; height: 230px; border-radius: 50%; overflow: hidden; align-items: center; justify-content: center; box-shadow: 0px 3px 6px 2px #00000052; box-sizing: border-box; transition: 0.2s; margin: 10px 15px 14px 15px;\"><img style=\"object-fit: cover; width: 230px; height: 230px; transition: 0.7s;\" src=\"http://sdmarsudirinigedangan.sch.id//storage/posts/December2020/6.jpg\" /></div>\r\n<p style=\"text-align: center; margin: 0px; font-size: 12pt;\">Nama Guru</p>\r\n<p style=\"text-align: center; margin-top: 5px; font-size: 10pt; color: rgba(0, 0, 0, 0.493);\">primary role</p>\r\n</div>\r\n<div class=\"guruimgcontainer\" style=\"display: inline-block; border-radius: 14px; width: 260px; margin: 0.82vw; overflow: auto; transition: 0.3s;\">\r\n<div class=\"guruimg\" style=\"width: 230px; height: 230px; border-radius: 50%; overflow: hidden; align-items: center; justify-content: center; box-shadow: 0px 3px 6px 2px #00000052; box-sizing: border-box; transition: 0.2s; margin: 10px 15px 14px 15px;\"><img style=\"object-fit: cover; width: 230px; height: 230px; transition: 0.7s;\" src=\"http://sdmarsudirinigedangan.sch.id//storage/posts/December2020/8.jpg\" /></div>\r\n<p style=\"text-align: center; margin: 0px; font-size: 12pt;\">Nama Guru</p>\r\n<p style=\"text-align: center; margin-top: 5px; font-size: 10pt; color: rgba(0, 0, 0, 0.493);\">primary role</p>\r\n</div>','posts/December2020/ANvgOlxF9Yg6i60ZLbt4.JPG','guru-dan-karyawan',NULL,NULL,'PUBLISHED',0,'2020-11-19 21:08:12','2020-12-01 10:18:03',0),(16,1,8,'Kurikulum',NULL,NULL,'<p><img src=\"http://sdmarsudirinigedangan.sch.id//storage/posts/December2020/Pembelajaran K13 SD-MI.jpg\" alt=\"\" width=\"901\" height=\"539\" /></p>\r\n<p>&nbsp;</p>\r\n<p><span class=\"TextRun Highlight SCXW260148539 BCX8\" lang=\"EN-ID\" style=\"margin: 0px; padding: 0px; user-select: text; -webkit-user-drag: none; -webkit-tap-highlight-color: transparent; outline: transparent solid 1px; color: #050505; font-weight: bold; font-size: 11.5pt; font-family: \'Segoe UI Historic\', \'Segoe UI Historic_EmbeddedFont\', \'Segoe UI Historic_MSFontService\', sans-serif; line-height: 22.6625px; font-variant-ligatures: none !important;\" xml:lang=\"EN-ID\" data-contrast=\"none\"><span class=\"NormalTextRun SCXW260148539 BCX8\" style=\"margin: 0px; padding: 0px; user-select: text; -webkit-user-drag: none; -webkit-tap-highlight-color: transparent; background-color: inherit;\">KEMARSUDIRINIAN</span></span><span class=\"TextRun Highlight SCXW260148539 BCX8\" lang=\"EN-ID\" style=\"margin: 0px; padding: 0px; user-select: text; -webkit-user-drag: none; -webkit-tap-highlight-color: transparent; outline: transparent solid 1px; color: #050505; font-size: 11.5pt; font-family: \'Segoe UI Historic\', \'Segoe UI Historic_EmbeddedFont\', \'Segoe UI Historic_MSFontService\', sans-serif; line-height: 22.6625px; font-variant-ligatures: none !important;\" xml:lang=\"EN-ID\" data-contrast=\"none\"><span class=\"NormalTextRun SCXW260148539 BCX8\" style=\"margin: 0px; padding: 0px; user-select: text; -webkit-user-drag: none; -webkit-tap-highlight-color: transparent; background-color: inherit;\">&nbsp;</span></span><span class=\"TextRun Highlight SCXW260148539 BCX8\" lang=\"EN-ID\" style=\"margin: 0px; padding: 0px; user-select: text; -webkit-user-drag: none; -webkit-tap-highlight-color: transparent; outline: transparent solid 1px; color: #050505; font-size: 11.5pt; font-family: \'Segoe UI Historic\', \'Segoe UI Historic_EmbeddedFont\', \'Segoe UI Historic_MSFontService\', sans-serif; line-height: 22.6625px; font-variant-ligatures: none !important;\" xml:lang=\"EN-ID\" data-contrast=\"none\"><span class=\"NormalTextRun SpellingErrorV2 SCXW260148539 BCX8\" style=\"margin: 0px; padding: 0px; user-select: text; -webkit-user-drag: none; -webkit-tap-highlight-color: transparent; background-repeat: repeat-x; background-position: left bottom; border-bottom: 1px solid transparent; background-color: inherit;\">adalah</span></span><span class=\"TextRun Highlight SCXW260148539 BCX8\" lang=\"EN-ID\" style=\"margin: 0px; padding: 0px; user-select: text; -webkit-user-drag: none; -webkit-tap-highlight-color: transparent; outline: transparent solid 1px; color: #050505; font-size: 11.5pt; font-family: \'Segoe UI Historic\', \'Segoe UI Historic_EmbeddedFont\', \'Segoe UI Historic_MSFontService\', sans-serif; line-height: 22.6625px; font-variant-ligatures: none !important;\" xml:lang=\"EN-ID\" data-contrast=\"none\"><span class=\"NormalTextRun SCXW260148539 BCX8\" style=\"margin: 0px; padding: 0px; user-select: text; -webkit-user-drag: none; -webkit-tap-highlight-color: transparent; background-color: inherit;\">&nbsp;</span></span><span class=\"TextRun Highlight SCXW260148539 BCX8\" lang=\"EN-ID\" style=\"margin: 0px; padding: 0px; user-select: text; -webkit-user-drag: none; -webkit-tap-highlight-color: transparent; outline: transparent solid 1px; color: #050505; font-size: 11.5pt; font-family: \'Segoe UI Historic\', \'Segoe UI Historic_EmbeddedFont\', \'Segoe UI Historic_MSFontService\', sans-serif; line-height: 22.6625px; font-variant-ligatures: none !important;\" xml:lang=\"EN-ID\" data-contrast=\"none\"><span class=\"NormalTextRun SpellingErrorV2 SCXW260148539 BCX8\" style=\"margin: 0px; padding: 0px; user-select: text; -webkit-user-drag: none; -webkit-tap-highlight-color: transparent; background-repeat: repeat-x; background-position: left bottom; border-bottom: 1px solid transparent; background-color: inherit;\">satu</span></span><span class=\"TextRun Highlight SCXW260148539 BCX8\" lang=\"EN-ID\" style=\"margin: 0px; padding: 0px; user-select: text; -webkit-user-drag: none; -webkit-tap-highlight-color: transparent; outline: transparent solid 1px; color: #050505; font-size: 11.5pt; font-family: \'Segoe UI Historic\', \'Segoe UI Historic_EmbeddedFont\', \'Segoe UI Historic_MSFontService\', sans-serif; line-height: 22.6625px; font-variant-ligatures: none !important;\" xml:lang=\"EN-ID\" data-contrast=\"none\"><span class=\"NormalTextRun SCXW260148539 BCX8\" style=\"margin: 0px; padding: 0px; user-select: text; -webkit-user-drag: none; -webkit-tap-highlight-color: transparent; background-color: inherit;\">&nbsp;</span></span><span class=\"TextRun Highlight SCXW260148539 BCX8\" lang=\"EN-ID\" style=\"margin: 0px; padding: 0px; user-select: text; -webkit-user-drag: none; -webkit-tap-highlight-color: transparent; outline: transparent solid 1px; color: #050505; font-size: 11.5pt; font-family: \'Segoe UI Historic\', \'Segoe UI Historic_EmbeddedFont\', \'Segoe UI Historic_MSFontService\', sans-serif; line-height: 22.6625px; font-variant-ligatures: none !important;\" xml:lang=\"EN-ID\" data-contrast=\"none\"><span class=\"NormalTextRun SpellingErrorV2 SCXW260148539 BCX8\" style=\"margin: 0px; padding: 0px; user-select: text; -webkit-user-drag: none; -webkit-tap-highlight-color: transparent; background-repeat: repeat-x; background-position: left bottom; border-bottom: 1px solid transparent; background-color: inherit;\">ciri</span></span><span class=\"TextRun Highlight SCXW260148539 BCX8\" lang=\"EN-ID\" style=\"margin: 0px; padding: 0px; user-select: text; -webkit-user-drag: none; -webkit-tap-highlight-color: transparent; outline: transparent solid 1px; color: #050505; font-size: 11.5pt; font-family: \'Segoe UI Historic\', \'Segoe UI Historic_EmbeddedFont\', \'Segoe UI Historic_MSFontService\', sans-serif; line-height: 22.6625px; font-variant-ligatures: none !important;\" xml:lang=\"EN-ID\" data-contrast=\"none\"><span class=\"NormalTextRun SCXW260148539 BCX8\" style=\"margin: 0px; padding: 0px; user-select: text; -webkit-user-drag: none; -webkit-tap-highlight-color: transparent; background-color: inherit;\">&nbsp;</span></span><span class=\"TextRun Highlight SCXW260148539 BCX8\" lang=\"EN-ID\" style=\"margin: 0px; padding: 0px; user-select: text; -webkit-user-drag: none; -webkit-tap-highlight-color: transparent; outline: transparent solid 1px; color: #050505; font-size: 11.5pt; font-family: \'Segoe UI Historic\', \'Segoe UI Historic_EmbeddedFont\', \'Segoe UI Historic_MSFontService\', sans-serif; line-height: 22.6625px; font-variant-ligatures: none !important;\" xml:lang=\"EN-ID\" data-contrast=\"none\"><span class=\"NormalTextRun SpellingErrorV2 SCXW260148539 BCX8\" style=\"margin: 0px; padding: 0px; user-select: text; -webkit-user-drag: none; -webkit-tap-highlight-color: transparent; background-repeat: repeat-x; background-position: left bottom; border-bottom: 1px solid transparent; background-color: inherit;\">khas</span></span><span class=\"TextRun Highlight SCXW260148539 BCX8\" lang=\"EN-ID\" style=\"margin: 0px; padding: 0px; user-select: text; -webkit-user-drag: none; -webkit-tap-highlight-color: transparent; outline: transparent solid 1px; color: #050505; font-size: 11.5pt; font-family: \'Segoe UI Historic\', \'Segoe UI Historic_EmbeddedFont\', \'Segoe UI Historic_MSFontService\', sans-serif; line-height: 22.6625px; font-variant-ligatures: none !important;\" xml:lang=\"EN-ID\" data-contrast=\"none\"><span class=\"NormalTextRun SCXW260148539 BCX8\" style=\"margin: 0px; padding: 0px; user-select: text; -webkit-user-drag: none; -webkit-tap-highlight-color: transparent; background-color: inherit;\">&nbsp;</span></span><span class=\"TextRun Highlight SCXW260148539 BCX8\" lang=\"EN-ID\" style=\"margin: 0px; padding: 0px; user-select: text; -webkit-user-drag: none; -webkit-tap-highlight-color: transparent; outline: transparent solid 1px; color: #050505; font-size: 11.5pt; font-family: \'Segoe UI Historic\', \'Segoe UI Historic_EmbeddedFont\', \'Segoe UI Historic_MSFontService\', sans-serif; line-height: 22.6625px; font-variant-ligatures: none !important;\" xml:lang=\"EN-ID\" data-contrast=\"none\"><span class=\"NormalTextRun SpellingErrorV2 SCXW260148539 BCX8\" style=\"margin: 0px; padding: 0px; user-select: text; -webkit-user-drag: none; -webkit-tap-highlight-color: transparent; background-repeat: repeat-x; background-position: left bottom; border-bottom: 1px solid transparent; background-color: inherit;\">sekolah</span></span><span class=\"TextRun Highlight SCXW260148539 BCX8\" lang=\"EN-ID\" style=\"margin: 0px; padding: 0px; user-select: text; -webkit-user-drag: none; -webkit-tap-highlight-color: transparent; outline: transparent solid 1px; color: #050505; font-size: 11.5pt; font-family: \'Segoe UI Historic\', \'Segoe UI Historic_EmbeddedFont\', \'Segoe UI Historic_MSFontService\', sans-serif; line-height: 22.6625px; font-variant-ligatures: none !important;\" xml:lang=\"EN-ID\" data-contrast=\"none\"><span class=\"NormalTextRun SCXW260148539 BCX8\" style=\"margin: 0px; padding: 0px; user-select: text; -webkit-user-drag: none; -webkit-tap-highlight-color: transparent; background-color: inherit;\">&nbsp;</span></span><span class=\"TextRun Highlight SCXW260148539 BCX8\" lang=\"EN-ID\" style=\"margin: 0px; padding: 0px; user-select: text; -webkit-user-drag: none; -webkit-tap-highlight-color: transparent; outline: transparent solid 1px; color: #050505; font-size: 11.5pt; font-family: \'Segoe UI Historic\', \'Segoe UI Historic_EmbeddedFont\', \'Segoe UI Historic_MSFontService\', sans-serif; line-height: 22.6625px; font-variant-ligatures: none !important;\" xml:lang=\"EN-ID\" data-contrast=\"none\"><span class=\"NormalTextRun SpellingErrorV2 SCXW260148539 BCX8\" style=\"margin: 0px; padding: 0px; user-select: text; -webkit-user-drag: none; -webkit-tap-highlight-color: transparent; background-repeat: repeat-x; background-position: left bottom; border-bottom: 1px solid transparent; background-color: inherit;\">Marsudirini</span></span><span class=\"TextRun Highlight SCXW260148539 BCX8\" lang=\"EN-ID\" style=\"margin: 0px; padding: 0px; user-select: text; -webkit-user-drag: none; -webkit-tap-highlight-color: transparent; outline: transparent solid 1px; color: #050505; font-size: 11.5pt; font-family: \'Segoe UI Historic\', \'Segoe UI Historic_EmbeddedFont\', \'Segoe UI Historic_MSFontService\', sans-serif; line-height: 22.6625px; font-variant-ligatures: none !important;\" xml:lang=\"EN-ID\" data-contrast=\"none\"><span class=\"NormalTextRun SCXW260148539 BCX8\" style=\"margin: 0px; padding: 0px; user-select: text; -webkit-user-drag: none; -webkit-tap-highlight-color: transparent; background-color: inherit;\">,&nbsp;</span></span><span class=\"TextRun Highlight SCXW260148539 BCX8\" lang=\"EN-ID\" style=\"margin: 0px; padding: 0px; user-select: text; -webkit-user-drag: none; -webkit-tap-highlight-color: transparent; outline: transparent solid 1px; color: #050505; font-size: 11.5pt; font-family: \'Segoe UI Historic\', \'Segoe UI Historic_EmbeddedFont\', \'Segoe UI Historic_MSFontService\', sans-serif; line-height: 22.6625px; font-variant-ligatures: none !important;\" xml:lang=\"EN-ID\" data-contrast=\"none\"><span class=\"NormalTextRun SpellingErrorV2 SCXW260148539 BCX8\" style=\"margin: 0px; padding: 0px; user-select: text; -webkit-user-drag: none; -webkit-tap-highlight-color: transparent; background-repeat: repeat-x; background-position: left bottom; border-bottom: 1px solid transparent; background-color: inherit;\">d</span></span><span class=\"TextRun Highlight SCXW260148539 BCX8\" lang=\"EN-ID\" style=\"margin: 0px; padding: 0px; user-select: text; -webkit-user-drag: none; -webkit-tap-highlight-color: transparent; outline: transparent solid 1px; color: #050505; font-size: 11.5pt; font-family: \'Segoe UI Historic\', \'Segoe UI Historic_EmbeddedFont\', \'Segoe UI Historic_MSFontService\', sans-serif; line-height: 22.6625px; font-variant-ligatures: none !important;\" xml:lang=\"EN-ID\" data-contrast=\"none\"><span class=\"NormalTextRun SpellingErrorV2 SCXW260148539 BCX8\" style=\"margin: 0px; padding: 0px; user-select: text; -webkit-user-drag: none; -webkit-tap-highlight-color: transparent; background-repeat: repeat-x; background-position: left bottom; border-bottom: 1px solid transparent; background-color: inherit;\">engan</span></span><span class=\"TextRun Highlight SCXW260148539 BCX8\" lang=\"EN-ID\" style=\"margin: 0px; padding: 0px; user-select: text; -webkit-user-drag: none; -webkit-tap-highlight-color: transparent; outline: transparent solid 1px; color: #050505; font-size: 11.5pt; font-family: \'Segoe UI Historic\', \'Segoe UI Historic_EmbeddedFont\', \'Segoe UI Historic_MSFontService\', sans-serif; line-height: 22.6625px; font-variant-ligatures: none !important;\" xml:lang=\"EN-ID\" data-contrast=\"none\"><span class=\"NormalTextRun SCXW260148539 BCX8\" style=\"margin: 0px; padding: 0px; user-select: text; -webkit-user-drag: none; -webkit-tap-highlight-color: transparent; background-color: inherit;\">&nbsp;</span></span><span class=\"TextRun Highlight SCXW260148539 BCX8\" lang=\"EN-ID\" style=\"margin: 0px; padding: 0px; user-select: text; -webkit-user-drag: none; -webkit-tap-highlight-color: transparent; outline: transparent solid 1px; color: #050505; font-size: 11.5pt; font-family: \'Segoe UI Historic\', \'Segoe UI Historic_EmbeddedFont\', \'Segoe UI Historic_MSFontService\', sans-serif; line-height: 22.6625px; font-variant-ligatures: none !important;\" xml:lang=\"EN-ID\" data-contrast=\"none\"><span class=\"NormalTextRun SpellingErrorV2 SCXW260148539 BCX8\" style=\"margin: 0px; padding: 0px; user-select: text; -webkit-user-drag: none; -webkit-tap-highlight-color: transparent; background-repeat: repeat-x; background-position: left bottom; border-bottom: 1px solid transparent; background-color: inherit;\">memperkenalkan</span></span><span class=\"TextRun Highlight SCXW260148539 BCX8\" lang=\"EN-ID\" style=\"margin: 0px; padding: 0px; user-select: text; -webkit-user-drag: none; -webkit-tap-highlight-color: transparent; outline: transparent solid 1px; color: #050505; font-size: 11.5pt; font-family: \'Segoe UI Historic\', \'Segoe UI Historic_EmbeddedFont\', \'Segoe UI Historic_MSFontService\', sans-serif; line-height: 22.6625px; font-variant-ligatures: none !important;\" xml:lang=\"EN-ID\" data-contrast=\"none\"><span class=\"NormalTextRun SCXW260148539 BCX8\" style=\"margin: 0px; padding: 0px; user-select: text; -webkit-user-drag: none; -webkit-tap-highlight-color: transparent; background-color: inherit;\">&nbsp;</span></span><span class=\"TextRun Highlight SCXW260148539 BCX8\" lang=\"EN-ID\" style=\"margin: 0px; padding: 0px; user-select: text; -webkit-user-drag: none; -webkit-tap-highlight-color: transparent; outline: transparent solid 1px; color: #050505; font-size: 11.5pt; font-family: \'Segoe UI Historic\', \'Segoe UI Historic_EmbeddedFont\', \'Segoe UI Historic_MSFontService\', sans-serif; line-height: 22.6625px; font-variant-ligatures: none !important;\" xml:lang=\"EN-ID\" data-contrast=\"none\"><span class=\"NormalTextRun SpellingErrorV2 SCXW260148539 BCX8\" style=\"margin: 0px; padding: 0px; user-select: text; -webkit-user-drag: none; -webkit-tap-highlight-color: transparent; background-repeat: repeat-x; background-position: left bottom; border-bottom: 1px solid transparent; background-color: inherit;\">tokoh</span></span><span class=\"TextRun Highlight SCXW260148539 BCX8\" lang=\"EN-ID\" style=\"margin: 0px; padding: 0px; user-select: text; -webkit-user-drag: none; -webkit-tap-highlight-color: transparent; outline: transparent solid 1px; color: #050505; font-size: 11.5pt; font-family: \'Segoe UI Historic\', \'Segoe UI Historic_EmbeddedFont\', \'Segoe UI Historic_MSFontService\', sans-serif; line-height: 22.6625px; font-variant-ligatures: none !important;\" xml:lang=\"EN-ID\" data-contrast=\"none\"><span class=\"NormalTextRun SCXW260148539 BCX8\" style=\"margin: 0px; padding: 0px; user-select: text; -webkit-user-drag: none; -webkit-tap-highlight-color: transparent; background-color: inherit;\">&nbsp;</span></span><span class=\"TextRun Highlight SCXW260148539 BCX8\" lang=\"EN-ID\" style=\"margin: 0px; padding: 0px; user-select: text; -webkit-user-drag: none; -webkit-tap-highlight-color: transparent; outline: transparent solid 1px; color: #050505; font-size: 11.5pt; font-family: \'Segoe UI Historic\', \'Segoe UI Historic_EmbeddedFont\', \'Segoe UI Historic_MSFontService\', sans-serif; line-height: 22.6625px; font-variant-ligatures: none !important;\" xml:lang=\"EN-ID\" data-contrast=\"none\"><span class=\"NormalTextRun SpellingErrorV2 SCXW260148539 BCX8\" style=\"margin: 0px; padding: 0px; user-select: text; -webkit-user-drag: none; -webkit-tap-highlight-color: transparent; background-repeat: repeat-x; background-position: left bottom; border-bottom: 1px solid transparent; background-color: inherit;\">Fransiskus</span></span><span class=\"TextRun Highlight SCXW260148539 BCX8\" lang=\"EN-ID\" style=\"margin: 0px; padding: 0px; user-select: text; -webkit-user-drag: none; -webkit-tap-highlight-color: transparent; outline: transparent solid 1px; color: #050505; font-size: 11.5pt; font-family: \'Segoe UI Historic\', \'Segoe UI Historic_EmbeddedFont\', \'Segoe UI Historic_MSFontService\', sans-serif; line-height: 22.6625px; font-variant-ligatures: none !important;\" xml:lang=\"EN-ID\" data-contrast=\"none\"><span class=\"NormalTextRun SCXW260148539 BCX8\" style=\"margin: 0px; padding: 0px; user-select: text; -webkit-user-drag: none; -webkit-tap-highlight-color: transparent; background-color: inherit;\">&nbsp;</span></span><span class=\"TextRun Highlight SCXW260148539 BCX8\" lang=\"EN-ID\" style=\"margin: 0px; padding: 0px; user-select: text; -webkit-user-drag: none; -webkit-tap-highlight-color: transparent; outline: transparent solid 1px; color: #050505; font-size: 11.5pt; font-family: \'Segoe UI Historic\', \'Segoe UI Historic_EmbeddedFont\', \'Segoe UI Historic_MSFontService\', sans-serif; line-height: 22.6625px; font-variant-ligatures: none !important;\" xml:lang=\"EN-ID\" data-contrast=\"none\"><span class=\"NormalTextRun SpellingErrorV2 SCXW260148539 BCX8\" style=\"margin: 0px; padding: 0px; user-select: text; -webkit-user-drag: none; -webkit-tap-highlight-color: transparent; background-repeat: repeat-x; background-position: left bottom; border-bottom: 1px solid transparent; background-color: inherit;\">Asisi</span></span><span class=\"TextRun Highlight SCXW260148539 BCX8\" lang=\"EN-ID\" style=\"margin: 0px; padding: 0px; user-select: text; -webkit-user-drag: none; -webkit-tap-highlight-color: transparent; outline: transparent solid 1px; color: #050505; font-size: 11.5pt; font-family: \'Segoe UI Historic\', \'Segoe UI Historic_EmbeddedFont\', \'Segoe UI Historic_MSFontService\', sans-serif; line-height: 22.6625px; font-variant-ligatures: none !important;\" xml:lang=\"EN-ID\" data-contrast=\"none\"><span class=\"NormalTextRun SCXW260148539 BCX8\" style=\"margin: 0px; padding: 0px; user-select: text; -webkit-user-drag: none; -webkit-tap-highlight-color: transparent; background-color: inherit;\">&nbsp;dan Magdalena&nbsp;</span></span><span class=\"TextRun Highlight SCXW260148539 BCX8\" lang=\"EN-ID\" style=\"margin: 0px; padding: 0px; user-select: text; -webkit-user-drag: none; -webkit-tap-highlight-color: transparent; outline: transparent solid 1px; color: #050505; font-size: 11.5pt; font-family: \'Segoe UI Historic\', \'Segoe UI Historic_EmbeddedFont\', \'Segoe UI Historic_MSFontService\', sans-serif; line-height: 22.6625px; font-variant-ligatures: none !important;\" xml:lang=\"EN-ID\" data-contrast=\"none\"><span class=\"NormalTextRun SpellingErrorV2 SCXW260148539 BCX8\" style=\"margin: 0px; padding: 0px; user-select: text; -webkit-user-drag: none; -webkit-tap-highlight-color: transparent; background-repeat: repeat-x; background-position: left bottom; border-bottom: 1px solid transparent; background-color: inherit;\">daemen</span></span><span class=\"TextRun Highlight SCXW260148539 BCX8\" lang=\"EN-ID\" style=\"margin: 0px; padding: 0px; user-select: text; -webkit-user-drag: none; -webkit-tap-highlight-color: transparent; outline: transparent solid 1px; color: #050505; font-size: 11.5pt; font-family: \'Segoe UI Historic\', \'Segoe UI Historic_EmbeddedFont\', \'Segoe UI Historic_MSFontService\', sans-serif; line-height: 22.6625px; font-variant-ligatures: none !important;\" xml:lang=\"EN-ID\" data-contrast=\"none\"><span class=\"NormalTextRun SCXW260148539 BCX8\" style=\"margin: 0px; padding: 0px; user-select: text; -webkit-user-drag: none; -webkit-tap-highlight-color: transparent; background-color: inherit;\">. Anak pun&nbsp;</span></span><span class=\"TextRun Highlight SCXW260148539 BCX8\" lang=\"EN-ID\" style=\"margin: 0px; padding: 0px; user-select: text; -webkit-user-drag: none; -webkit-tap-highlight-color: transparent; outline: transparent solid 1px; color: #050505; font-size: 11.5pt; font-family: \'Segoe UI Historic\', \'Segoe UI Historic_EmbeddedFont\', \'Segoe UI Historic_MSFontService\', sans-serif; line-height: 22.6625px; font-variant-ligatures: none !important;\" xml:lang=\"EN-ID\" data-contrast=\"none\"><span class=\"NormalTextRun SpellingErrorV2 SCXW260148539 BCX8\" style=\"margin: 0px; padding: 0px; user-select: text; -webkit-user-drag: none; -webkit-tap-highlight-color: transparent; background-repeat: repeat-x; background-position: left bottom; border-bottom: 1px solid transparent; background-color: inherit;\">diajak</span></span><span class=\"TextRun Highlight SCXW260148539 BCX8\" lang=\"EN-ID\" style=\"margin: 0px; padding: 0px; user-select: text; -webkit-user-drag: none; -webkit-tap-highlight-color: transparent; outline: transparent solid 1px; color: #050505; font-size: 11.5pt; font-family: \'Segoe UI Historic\', \'Segoe UI Historic_EmbeddedFont\', \'Segoe UI Historic_MSFontService\', sans-serif; line-height: 22.6625px; font-variant-ligatures: none !important;\" xml:lang=\"EN-ID\" data-contrast=\"none\"><span class=\"NormalTextRun SCXW260148539 BCX8\" style=\"margin: 0px; padding: 0px; user-select: text; -webkit-user-drag: none; -webkit-tap-highlight-color: transparent; background-color: inherit;\">&nbsp;</span></span><span class=\"TextRun Highlight SCXW260148539 BCX8\" lang=\"EN-ID\" style=\"margin: 0px; padding: 0px; user-select: text; -webkit-user-drag: none; -webkit-tap-highlight-color: transparent; outline: transparent solid 1px; color: #050505; font-size: 11.5pt; font-family: \'Segoe UI Historic\', \'Segoe UI Historic_EmbeddedFont\', \'Segoe UI Historic_MSFontService\', sans-serif; line-height: 22.6625px; font-variant-ligatures: none !important;\" xml:lang=\"EN-ID\" data-contrast=\"none\"><span class=\"NormalTextRun SpellingErrorV2 SCXW260148539 BCX8\" style=\"margin: 0px; padding: 0px; user-select: text; -webkit-user-drag: none; -webkit-tap-highlight-color: transparent; background-repeat: repeat-x; background-position: left bottom; border-bottom: 1px solid transparent; background-color: inherit;\">u</span></span><span class=\"TextRun Highlight SCXW260148539 BCX8\" lang=\"EN-ID\" style=\"margin: 0px; padding: 0px; user-select: text; -webkit-user-drag: none; -webkit-tap-highlight-color: transparent; outline: transparent solid 1px; color: #050505; font-size: 11.5pt; font-family: \'Segoe UI Historic\', \'Segoe UI Historic_EmbeddedFont\', \'Segoe UI Historic_MSFontService\', sans-serif; line-height: 22.6625px; font-variant-ligatures: none !important;\" xml:lang=\"EN-ID\" data-contrast=\"none\"><span class=\"NormalTextRun SpellingErrorV2 SCXW260148539 BCX8\" style=\"margin: 0px; padding: 0px; user-select: text; -webkit-user-drag: none; -webkit-tap-highlight-color: transparent; background-repeat: repeat-x; background-position: left bottom; border-bottom: 1px solid transparent; background-color: inherit;\">n</span></span><span class=\"TextRun Highlight SCXW260148539 BCX8\" lang=\"EN-ID\" style=\"margin: 0px; padding: 0px; user-select: text; -webkit-user-drag: none; -webkit-tap-highlight-color: transparent; outline: transparent solid 1px; color: #050505; font-size: 11.5pt; font-family: \'Segoe UI Historic\', \'Segoe UI Historic_EmbeddedFont\', \'Segoe UI Historic_MSFontService\', sans-serif; line-height: 22.6625px; font-variant-ligatures: none !important;\" xml:lang=\"EN-ID\" data-contrast=\"none\"><span class=\"NormalTextRun SpellingErrorV2 SCXW260148539 BCX8\" style=\"margin: 0px; padding: 0px; user-select: text; -webkit-user-drag: none; -webkit-tap-highlight-color: transparent; background-repeat: repeat-x; background-position: left bottom; border-bottom: 1px solid transparent; background-color: inherit;\">t</span></span><span class=\"TextRun Highlight SCXW260148539 BCX8\" lang=\"EN-ID\" style=\"margin: 0px; padding: 0px; user-select: text; -webkit-user-drag: none; -webkit-tap-highlight-color: transparent; outline: transparent solid 1px; color: #050505; font-size: 11.5pt; font-family: \'Segoe UI Historic\', \'Segoe UI Historic_EmbeddedFont\', \'Segoe UI Historic_MSFontService\', sans-serif; line-height: 22.6625px; font-variant-ligatures: none !important;\" xml:lang=\"EN-ID\" data-contrast=\"none\"><span class=\"NormalTextRun SpellingErrorV2 SCXW260148539 BCX8\" style=\"margin: 0px; padding: 0px; user-select: text; -webkit-user-drag: none; -webkit-tap-highlight-color: transparent; background-repeat: repeat-x; background-position: left bottom; border-bottom: 1px solid transparent; background-color: inherit;\">u</span></span><span class=\"TextRun Highlight SCXW260148539 BCX8\" lang=\"EN-ID\" style=\"margin: 0px; padding: 0px; user-select: text; -webkit-user-drag: none; -webkit-tap-highlight-color: transparent; outline: transparent solid 1px; color: #050505; font-size: 11.5pt; font-family: \'Segoe UI Historic\', \'Segoe UI Historic_EmbeddedFont\', \'Segoe UI Historic_MSFontService\', sans-serif; line-height: 22.6625px; font-variant-ligatures: none !important;\" xml:lang=\"EN-ID\" data-contrast=\"none\"><span class=\"NormalTextRun SpellingErrorV2 SCXW260148539 BCX8\" style=\"margin: 0px; padding: 0px; user-select: text; -webkit-user-drag: none; -webkit-tap-highlight-color: transparent; background-repeat: repeat-x; background-position: left bottom; border-bottom: 1px solid transparent; background-color: inherit;\">k</span></span><span class=\"TextRun Highlight SCXW260148539 BCX8\" lang=\"EN-ID\" style=\"margin: 0px; padding: 0px; user-select: text; -webkit-user-drag: none; -webkit-tap-highlight-color: transparent; outline: transparent solid 1px; color: #050505; font-size: 11.5pt; font-family: \'Segoe UI Historic\', \'Segoe UI Historic_EmbeddedFont\', \'Segoe UI Historic_MSFontService\', sans-serif; line-height: 22.6625px; font-variant-ligatures: none !important;\" xml:lang=\"EN-ID\" data-contrast=\"none\"><span class=\"NormalTextRun SCXW260148539 BCX8\" style=\"margin: 0px; padding: 0px; user-select: text; -webkit-user-drag: none; -webkit-tap-highlight-color: transparent; background-color: inherit;\">&nbsp;</span></span><span class=\"TextRun Highlight SCXW260148539 BCX8\" lang=\"EN-ID\" style=\"margin: 0px; padding: 0px; user-select: text; -webkit-user-drag: none; -webkit-tap-highlight-color: transparent; outline: transparent solid 1px; color: #050505; font-size: 11.5pt; font-family: \'Segoe UI Historic\', \'Segoe UI Historic_EmbeddedFont\', \'Segoe UI Historic_MSFontService\', sans-serif; line-height: 22.6625px; font-variant-ligatures: none !important;\" xml:lang=\"EN-ID\" data-contrast=\"none\"><span class=\"NormalTextRun SpellingErrorV2 SCXW260148539 BCX8\" style=\"margin: 0px; padding: 0px; user-select: text; -webkit-user-drag: none; -webkit-tap-highlight-color: transparent; background-repeat: repeat-x; background-position: left bottom; border-bottom: 1px solid transparent; background-color: inherit;\">meneladani</span></span><span class=\"TextRun Highlight SCXW260148539 BCX8\" lang=\"EN-ID\" style=\"margin: 0px; padding: 0px; user-select: text; -webkit-user-drag: none; -webkit-tap-highlight-color: transparent; outline: transparent solid 1px; color: #050505; font-size: 11.5pt; font-family: \'Segoe UI Historic\', \'Segoe UI Historic_EmbeddedFont\', \'Segoe UI Historic_MSFontService\', sans-serif; line-height: 22.6625px; font-variant-ligatures: none !important;\" xml:lang=\"EN-ID\" data-contrast=\"none\"><span class=\"NormalTextRun SCXW260148539 BCX8\" style=\"margin: 0px; padding: 0px; user-select: text; -webkit-user-drag: none; -webkit-tap-highlight-color: transparent; background-color: inherit;\">&nbsp;</span></span><span class=\"TextRun Highlight SCXW260148539 BCX8\" lang=\"EN-ID\" style=\"margin: 0px; padding: 0px; user-select: text; -webkit-user-drag: none; -webkit-tap-highlight-color: transparent; outline: transparent solid 1px; color: #050505; font-size: 11.5pt; font-family: \'Segoe UI Historic\', \'Segoe UI Historic_EmbeddedFont\', \'Segoe UI Historic_MSFontService\', sans-serif; line-height: 22.6625px; font-variant-ligatures: none !important;\" xml:lang=\"EN-ID\" data-contrast=\"none\"><span class=\"NormalTextRun SpellingErrorV2 SCXW260148539 BCX8 DefaultHighlightTransition\" style=\"margin: 0px; padding: 0px; user-select: text; -webkit-user-drag: none; -webkit-tap-highlight-color: transparent; transition: background-color 0.1s linear 0s; background-repeat: repeat-x; background-position: left bottom; border-bottom: 1px solid transparent; background-color: inherit;\">nilai</span></span><span class=\"TextRun Highlight SCXW260148539 BCX8\" lang=\"EN-ID\" style=\"margin: 0px; padding: 0px; user-select: text; -webkit-user-drag: none; -webkit-tap-highlight-color: transparent; outline: transparent solid 1px; color: #050505; font-size: 11.5pt; font-family: \'Segoe UI Historic\', \'Segoe UI Historic_EmbeddedFont\', \'Segoe UI Historic_MSFontService\', sans-serif; line-height: 22.6625px; font-variant-ligatures: none !important;\" xml:lang=\"EN-ID\" data-contrast=\"none\"><span class=\"NormalTextRun SpellingErrorV2 SCXW260148539 BCX8 DefaultHighlightTransition\" style=\"margin: 0px; padding: 0px; user-select: text; -webkit-user-drag: none; -webkit-tap-highlight-color: transparent; transition: background-color 0.1s linear 0s; background-repeat: repeat-x; background-position: left bottom; border-bottom: 1px solid transparent; background-color: inherit;\">-nilai</span></span><span class=\"TextRun Highlight SCXW260148539 BCX8\" lang=\"EN-ID\" style=\"margin: 0px; padding: 0px; user-select: text; -webkit-user-drag: none; -webkit-tap-highlight-color: transparent; outline: transparent solid 1px; color: #050505; font-size: 11.5pt; font-family: \'Segoe UI Historic\', \'Segoe UI Historic_EmbeddedFont\', \'Segoe UI Historic_MSFontService\', sans-serif; line-height: 22.6625px; font-variant-ligatures: none !important;\" xml:lang=\"EN-ID\" data-contrast=\"none\"><span class=\"NormalTextRun SCXW260148539 BCX8\" style=\"margin: 0px; padding: 0px; user-select: text; -webkit-user-drag: none; -webkit-tap-highlight-color: transparent; background-color: inherit;\">&nbsp;</span></span><span class=\"TextRun Highlight SCXW260148539 BCX8\" lang=\"EN-ID\" style=\"margin: 0px; padding: 0px; user-select: text; -webkit-user-drag: none; -webkit-tap-highlight-color: transparent; outline: transparent solid 1px; color: #050505; font-size: 11.5pt; font-family: \'Segoe UI Historic\', \'Segoe UI Historic_EmbeddedFont\', \'Segoe UI Historic_MSFontService\', sans-serif; line-height: 22.6625px; font-variant-ligatures: none !important;\" xml:lang=\"EN-ID\" data-contrast=\"none\"><span class=\"NormalTextRun SCXW260148539 BCX8\" style=\"margin: 0px; padding: 0px; user-select: text; -webkit-user-drag: none; -webkit-tap-highlight-color: transparent; background-color: inherit;\">dan&nbsp;</span></span><span class=\"TextRun Highlight SCXW260148539 BCX8\" lang=\"EN-ID\" style=\"margin: 0px; padding: 0px; user-select: text; -webkit-user-drag: none; -webkit-tap-highlight-color: transparent; outline: transparent solid 1px; color: #050505; font-size: 11.5pt; font-family: \'Segoe UI Historic\', \'Segoe UI Historic_EmbeddedFont\', \'Segoe UI Historic_MSFontService\', sans-serif; line-height: 22.6625px; font-variant-ligatures: none !important;\" xml:lang=\"EN-ID\" data-contrast=\"none\"><span class=\"NormalTextRun SpellingErrorV2 SCXW260148539 BCX8\" style=\"margin: 0px; padding: 0px; user-select: text; -webkit-user-drag: none; -webkit-tap-highlight-color: transparent; background-repeat: repeat-x; background-position: left bottom; border-bottom: 1px solid transparent; background-color: inherit;\">sikap</span></span><span class=\"TextRun Highlight SCXW260148539 BCX8\" lang=\"EN-ID\" style=\"margin: 0px; padding: 0px; user-select: text; -webkit-user-drag: none; -webkit-tap-highlight-color: transparent; outline: transparent solid 1px; color: #050505; font-size: 11.5pt; font-family: \'Segoe UI Historic\', \'Segoe UI Historic_EmbeddedFont\', \'Segoe UI Historic_MSFontService\', sans-serif; line-height: 22.6625px; font-variant-ligatures: none !important;\" xml:lang=\"EN-ID\" data-contrast=\"none\"><span class=\"NormalTextRun SCXW260148539 BCX8\" style=\"margin: 0px; padding: 0px; user-select: text; -webkit-user-drag: none; -webkit-tap-highlight-color: transparent; background-color: inherit;\">&nbsp;</span></span><span class=\"TextRun Highlight SCXW260148539 BCX8\" lang=\"EN-ID\" style=\"margin: 0px; padding: 0px; user-select: text; -webkit-user-drag: none; -webkit-tap-highlight-color: transparent; outline: transparent solid 1px; color: #050505; font-size: 11.5pt; font-family: \'Segoe UI Historic\', \'Segoe UI Historic_EmbeddedFont\', \'Segoe UI Historic_MSFontService\', sans-serif; line-height: 22.6625px; font-variant-ligatures: none !important;\" xml:lang=\"EN-ID\" data-contrast=\"none\"><span class=\"NormalTextRun SpellingErrorV2 SCXW260148539 BCX8\" style=\"margin: 0px; padding: 0px; user-select: text; -webkit-user-drag: none; -webkit-tap-highlight-color: transparent; background-repeat: repeat-x; background-position: left bottom; border-bottom: 1px solid transparent; background-color: inherit;\">d</span></span><span class=\"TextRun Highlight SCXW260148539 BCX8\" lang=\"EN-ID\" style=\"margin: 0px; padding: 0px; user-select: text; -webkit-user-drag: none; -webkit-tap-highlight-color: transparent; outline: transparent solid 1px; color: #050505; font-size: 11.5pt; font-family: \'Segoe UI Historic\', \'Segoe UI Historic_EmbeddedFont\', \'Segoe UI Historic_MSFontService\', sans-serif; line-height: 22.6625px; font-variant-ligatures: none !important;\" xml:lang=\"EN-ID\" data-contrast=\"none\"><span class=\"NormalTextRun SpellingErrorV2 SCXW260148539 BCX8\" style=\"margin: 0px; padding: 0px; user-select: text; -webkit-user-drag: none; -webkit-tap-highlight-color: transparent; background-repeat: repeat-x; background-position: left bottom; border-bottom: 1px solid transparent; background-color: inherit;\">ari</span></span><span class=\"TextRun Highlight SCXW260148539 BCX8\" lang=\"EN-ID\" style=\"margin: 0px; padding: 0px; user-select: text; -webkit-user-drag: none; -webkit-tap-highlight-color: transparent; outline: transparent solid 1px; color: #050505; font-size: 11.5pt; font-family: \'Segoe UI Historic\', \'Segoe UI Historic_EmbeddedFont\', \'Segoe UI Historic_MSFontService\', sans-serif; line-height: 22.6625px; font-variant-ligatures: none !important;\" xml:lang=\"EN-ID\" data-contrast=\"none\"><span class=\"NormalTextRun SCXW260148539 BCX8\" style=\"margin: 0px; padding: 0px; user-select: text; -webkit-user-drag: none; -webkit-tap-highlight-color: transparent; background-color: inherit;\">&nbsp;para&nbsp;</span></span><span class=\"TextRun Highlight SCXW260148539 BCX8\" lang=\"EN-ID\" style=\"margin: 0px; padding: 0px; user-select: text; -webkit-user-drag: none; -webkit-tap-highlight-color: transparent; outline: transparent solid 1px; color: #050505; font-size: 11.5pt; font-family: \'Segoe UI Historic\', \'Segoe UI Historic_EmbeddedFont\', \'Segoe UI Historic_MSFontService\', sans-serif; line-height: 22.6625px; font-variant-ligatures: none !important;\" xml:lang=\"EN-ID\" data-contrast=\"none\"><span class=\"NormalTextRun SpellingErrorV2 SCXW260148539 BCX8\" style=\"margin: 0px; padding: 0px; user-select: text; -webkit-user-drag: none; -webkit-tap-highlight-color: transparent; background-repeat: repeat-x; background-position: left bottom; border-bottom: 1px solid transparent; background-color: inherit;\">tokoh</span></span><span class=\"TextRun Highlight SCXW260148539 BCX8\" lang=\"EN-ID\" style=\"margin: 0px; padding: 0px; user-select: text; -webkit-user-drag: none; -webkit-tap-highlight-color: transparent; outline: transparent solid 1px; color: #050505; font-size: 11.5pt; font-family: \'Segoe UI Historic\', \'Segoe UI Historic_EmbeddedFont\', \'Segoe UI Historic_MSFontService\', sans-serif; line-height: 22.6625px; font-variant-ligatures: none !important;\" xml:lang=\"EN-ID\" data-contrast=\"none\"><span class=\"NormalTextRun SCXW260148539 BCX8\" style=\"margin: 0px; padding: 0px; user-select: text; -webkit-user-drag: none; -webkit-tap-highlight-color: transparent; background-color: inherit;\">&nbsp;</span></span><span class=\"TextRun Highlight SCXW260148539 BCX8\" lang=\"EN-ID\" style=\"margin: 0px; padding: 0px; user-select: text; -webkit-user-drag: none; -webkit-tap-highlight-color: transparent; outline: transparent solid 1px; color: #050505; font-size: 11.5pt; font-family: \'Segoe UI Historic\', \'Segoe UI Historic_EmbeddedFont\', \'Segoe UI Historic_MSFontService\', sans-serif; line-height: 22.6625px; font-variant-ligatures: none !important;\" xml:lang=\"EN-ID\" data-contrast=\"none\"><span class=\"NormalTextRun SpellingErrorV2 SCXW260148539 BCX8\" style=\"margin: 0px; padding: 0px; user-select: text; -webkit-user-drag: none; -webkit-tap-highlight-color: transparent; background-repeat: repeat-x; background-position: left bottom; border-bottom: 1px solid transparent; background-color: inherit;\">tersebut</span></span><span class=\"TextRun Highlight SCXW260148539 BCX8\" lang=\"EN-ID\" style=\"margin: 0px; padding: 0px; user-select: text; -webkit-user-drag: none; -webkit-tap-highlight-color: transparent; outline: transparent solid 1px; color: #050505; font-size: 11.5pt; font-family: \'Segoe UI Historic\', \'Segoe UI Historic_EmbeddedFont\', \'Segoe UI Historic_MSFontService\', sans-serif; line-height: 22.6625px; font-variant-ligatures: none !important;\" xml:lang=\"EN-ID\" data-contrast=\"none\"><span class=\"NormalTextRun SCXW260148539 BCX8\" style=\"margin: 0px; padding: 0px; user-select: text; -webkit-user-drag: none; -webkit-tap-highlight-color: transparent; background-color: inherit;\">. Salah&nbsp;</span></span><span class=\"TextRun Highlight SCXW260148539 BCX8\" lang=\"EN-ID\" style=\"margin: 0px; padding: 0px; user-select: text; -webkit-user-drag: none; -webkit-tap-highlight-color: transparent; outline: transparent solid 1px; color: #050505; font-size: 11.5pt; font-family: \'Segoe UI Historic\', \'Segoe UI Historic_EmbeddedFont\', \'Segoe UI Historic_MSFontService\', sans-serif; line-height: 22.6625px; font-variant-ligatures: none !important;\" xml:lang=\"EN-ID\" data-contrast=\"none\"><span class=\"NormalTextRun SpellingErrorV2 SCXW260148539 BCX8\" style=\"margin: 0px; padding: 0px; user-select: text; -webkit-user-drag: none; -webkit-tap-highlight-color: transparent; background-repeat: repeat-x; background-position: left bottom; border-bottom: 1px solid transparent; background-color: inherit;\">satunya</span></span><span class=\"TextRun Highlight SCXW260148539 BCX8\" lang=\"EN-ID\" style=\"margin: 0px; padding: 0px; user-select: text; -webkit-user-drag: none; -webkit-tap-highlight-color: transparent; outline: transparent solid 1px; color: #050505; font-size: 11.5pt; font-family: \'Segoe UI Historic\', \'Segoe UI Historic_EmbeddedFont\', \'Segoe UI Historic_MSFontService\', sans-serif; line-height: 22.6625px; font-variant-ligatures: none !important;\" xml:lang=\"EN-ID\" data-contrast=\"none\"><span class=\"NormalTextRun SCXW260148539 BCX8\" style=\"margin: 0px; padding: 0px; user-select: text; -webkit-user-drag: none; -webkit-tap-highlight-color: transparent; background-color: inherit;\">&nbsp;</span></span><span class=\"TextRun Highlight SCXW260148539 BCX8\" lang=\"EN-ID\" style=\"margin: 0px; padding: 0px; user-select: text; -webkit-user-drag: none; -webkit-tap-highlight-color: transparent; outline: transparent solid 1px; color: #050505; font-size: 11.5pt; font-family: \'Segoe UI Historic\', \'Segoe UI Historic_EmbeddedFont\', \'Segoe UI Historic_MSFontService\', sans-serif; line-height: 22.6625px; font-variant-ligatures: none !important;\" xml:lang=\"EN-ID\" data-contrast=\"none\"><span class=\"NormalTextRun SpellingErrorV2 SCXW260148539 BCX8\" style=\"margin: 0px; padding: 0px; user-select: text; -webkit-user-drag: none; -webkit-tap-highlight-color: transparent; background-repeat: repeat-x; background-position: left bottom; border-bottom: 1px solid transparent; background-color: inherit;\">adalah</span></span><span class=\"TextRun Highlight SCXW260148539 BCX8\" lang=\"EN-ID\" style=\"margin: 0px; padding: 0px; user-select: text; -webkit-user-drag: none; -webkit-tap-highlight-color: transparent; outline: transparent solid 1px; color: #050505; font-size: 11.5pt; font-family: \'Segoe UI Historic\', \'Segoe UI Historic_EmbeddedFont\', \'Segoe UI Historic_MSFontService\', sans-serif; line-height: 22.6625px; font-variant-ligatures: none !important;\" xml:lang=\"EN-ID\" data-contrast=\"none\"><span class=\"NormalTextRun SCXW260148539 BCX8\" style=\"margin: 0px; padding: 0px; user-select: text; -webkit-user-drag: none; -webkit-tap-highlight-color: transparent; background-color: inherit;\">&nbsp;</span></span><span class=\"TextRun Highlight SCXW260148539 BCX8\" lang=\"EN-ID\" style=\"margin: 0px; padding: 0px; user-select: text; -webkit-user-drag: none; -webkit-tap-highlight-color: transparent; outline: transparent solid 1px; color: #050505; font-size: 11.5pt; font-family: \'Segoe UI Historic\', \'Segoe UI Historic_EmbeddedFont\', \'Segoe UI Historic_MSFontService\', sans-serif; line-height: 22.6625px; font-variant-ligatures: none !important;\" xml:lang=\"EN-ID\" data-contrast=\"none\"><span class=\"NormalTextRun SpellingErrorV2 SCXW260148539 BCX8\" style=\"margin: 0px; padding: 0px; user-select: text; -webkit-user-drag: none; -webkit-tap-highlight-color: transparent; background-repeat: repeat-x; background-position: left bottom; border-bottom: 1px solid transparent; background-color: inherit;\">peduli</span></span><span class=\"TextRun Highlight SCXW260148539 BCX8\" lang=\"EN-ID\" style=\"margin: 0px; padding: 0px; user-select: text; -webkit-user-drag: none; -webkit-tap-highlight-color: transparent; outline: transparent solid 1px; color: #050505; font-size: 11.5pt; font-family: \'Segoe UI Historic\', \'Segoe UI Historic_EmbeddedFont\', \'Segoe UI Historic_MSFontService\', sans-serif; line-height: 22.6625px; font-variant-ligatures: none !important;\" xml:lang=\"EN-ID\" data-contrast=\"none\"><span class=\"NormalTextRun SCXW260148539 BCX8\" style=\"margin: 0px; padding: 0px; user-select: text; -webkit-user-drag: none; -webkit-tap-highlight-color: transparent; background-color: inherit;\">&nbsp;</span></span><span class=\"TextRun Highlight SCXW260148539 BCX8\" lang=\"EN-ID\" style=\"margin: 0px; padding: 0px; user-select: text; -webkit-user-drag: none; -webkit-tap-highlight-color: transparent; outline: transparent solid 1px; color: #050505; font-size: 11.5pt; font-family: \'Segoe UI Historic\', \'Segoe UI Historic_EmbeddedFont\', \'Segoe UI Historic_MSFontService\', sans-serif; line-height: 22.6625px; font-variant-ligatures: none !important;\" xml:lang=\"EN-ID\" data-contrast=\"none\"><span class=\"NormalTextRun SpellingErrorV2 SCXW260148539 BCX8\" style=\"margin: 0px; padding: 0px; user-select: text; -webkit-user-drag: none; -webkit-tap-highlight-color: transparent; background-repeat: repeat-x; background-position: left bottom; border-bottom: 1px solid transparent; background-color: inherit;\">lingkungan</span></span><span class=\"TextRun Highlight SCXW260148539 BCX8\" lang=\"EN-ID\" style=\"margin: 0px; padding: 0px; user-select: text; -webkit-user-drag: none; -webkit-tap-highlight-color: transparent; outline: transparent solid 1px; color: #050505; font-size: 11.5pt; font-family: \'Segoe UI Historic\', \'Segoe UI Historic_EmbeddedFont\', \'Segoe UI Historic_MSFontService\', sans-serif; line-height: 22.6625px; font-variant-ligatures: none !important;\" xml:lang=\"EN-ID\" data-contrast=\"none\"><span class=\"NormalTextRun SCXW260148539 BCX8\" style=\"margin: 0px; padding: 0px; user-select: text; -webkit-user-drag: none; -webkit-tap-highlight-color: transparent; background-color: inherit;\">&nbsp;dan&nbsp;</span></span><span class=\"TextRun Highlight SCXW260148539 BCX8\" lang=\"EN-ID\" style=\"margin: 0px; padding: 0px; user-select: text; -webkit-user-drag: none; -webkit-tap-highlight-color: transparent; outline: transparent solid 1px; color: #050505; font-size: 11.5pt; font-family: \'Segoe UI Historic\', \'Segoe UI Historic_EmbeddedFont\', \'Segoe UI Historic_MSFontService\', sans-serif; line-height: 22.6625px; font-variant-ligatures: none !important;\" xml:lang=\"EN-ID\" data-contrast=\"none\"><span class=\"NormalTextRun SpellingErrorV2 SCXW260148539 BCX8 DefaultHighlightTransition\" style=\"margin: 0px; padding: 0px; user-select: text; -webkit-user-drag: none; -webkit-tap-highlight-color: transparent; transition: background-color 0.1s linear 0s; background-repeat: repeat-x; background-position: left bottom; border-bottom: 1px solid transparent; background-color: inherit;\">melestarikan</span></span><span class=\"TextRun Highlight SCXW260148539 BCX8\" lang=\"EN-ID\" style=\"margin: 0px; padding: 0px; user-select: text; -webkit-user-drag: none; -webkit-tap-highlight-color: transparent; outline: transparent solid 1px; color: #050505; font-size: 11.5pt; font-family: \'Segoe UI Historic\', \'Segoe UI Historic_EmbeddedFont\', \'Segoe UI Historic_MSFontService\', sans-serif; line-height: 22.6625px; font-variant-ligatures: none !important;\" xml:lang=\"EN-ID\" data-contrast=\"none\"><span class=\"NormalTextRun SCXW260148539 BCX8\" style=\"margin: 0px; padding: 0px; user-select: text; -webkit-user-drag: none; -webkit-tap-highlight-color: transparent; background-color: inherit;\">&nbsp;</span></span><span class=\"TextRun Highlight SCXW260148539 BCX8\" lang=\"EN-ID\" style=\"margin: 0px; padding: 0px; user-select: text; -webkit-user-drag: none; -webkit-tap-highlight-color: transparent; outline: transparent solid 1px; color: #050505; font-size: 11.5pt; font-family: \'Segoe UI Historic\', \'Segoe UI Historic_EmbeddedFont\', \'Segoe UI Historic_MSFontService\', sans-serif; line-height: 22.6625px; font-variant-ligatures: none !important;\" xml:lang=\"EN-ID\" data-contrast=\"none\"><span class=\"NormalTextRun SpellingErrorV2 SCXW260148539 BCX8\" style=\"margin: 0px; padding: 0px; user-select: text; -webkit-user-drag: none; -webkit-tap-highlight-color: transparent; background-repeat: repeat-x; background-position: left bottom; border-bottom: 1px solid transparent; background-color: inherit;\">alam</span></span><span class=\"TextRun Highlight SCXW260148539 BCX8\" lang=\"EN-ID\" style=\"margin: 0px; padding: 0px; user-select: text; -webkit-user-drag: none; -webkit-tap-highlight-color: transparent; outline: transparent solid 1px; color: #050505; font-size: 11.5pt; font-family: \'Segoe UI Historic\', \'Segoe UI Historic_EmbeddedFont\', \'Segoe UI Historic_MSFontService\', sans-serif; line-height: 22.6625px; font-variant-ligatures: none !important;\" xml:lang=\"EN-ID\" data-contrast=\"none\"><span class=\"NormalTextRun SCXW260148539 BCX8\" style=\"margin: 0px; padding: 0px; user-select: text; -webkit-user-drag: none; -webkit-tap-highlight-color: transparent; background-color: inherit;\">. Pelajaran&nbsp;</span></span><span class=\"TextRun Highlight SCXW260148539 BCX8\" lang=\"EN-ID\" style=\"margin: 0px; padding: 0px; user-select: text; -webkit-user-drag: none; -webkit-tap-highlight-color: transparent; outline: transparent solid 1px; color: #050505; font-size: 11.5pt; font-family: \'Segoe UI Historic\', \'Segoe UI Historic_EmbeddedFont\', \'Segoe UI Historic_MSFontService\', sans-serif; line-height: 22.6625px; font-variant-ligatures: none !important;\" xml:lang=\"EN-ID\" data-contrast=\"none\"><span class=\"NormalTextRun SpellingErrorV2 SCXW260148539 BCX8\" style=\"margin: 0px; padding: 0px; user-select: text; -webkit-user-drag: none; -webkit-tap-highlight-color: transparent; background-repeat: repeat-x; background-position: left bottom; border-bottom: 1px solid transparent; background-color: inherit;\">kemarsudirinian</span></span><span class=\"TextRun Highlight SCXW260148539 BCX8\" lang=\"EN-ID\" style=\"margin: 0px; padding: 0px; user-select: text; -webkit-user-drag: none; -webkit-tap-highlight-color: transparent; outline: transparent solid 1px; color: #050505; font-size: 11.5pt; font-family: \'Segoe UI Historic\', \'Segoe UI Historic_EmbeddedFont\', \'Segoe UI Historic_MSFontService\', sans-serif; line-height: 22.6625px; font-variant-ligatures: none !important;\" xml:lang=\"EN-ID\" data-contrast=\"none\"><span class=\"NormalTextRun SCXW260148539 BCX8\" style=\"margin: 0px; padding: 0px; user-select: text; -webkit-user-drag: none; -webkit-tap-highlight-color: transparent; background-color: inherit;\">&nbsp;</span></span><span class=\"TextRun Highlight SCXW260148539 BCX8\" lang=\"EN-ID\" style=\"margin: 0px; padding: 0px; user-select: text; -webkit-user-drag: none; -webkit-tap-highlight-color: transparent; outline: transparent solid 1px; color: #050505; font-size: 11.5pt; font-family: \'Segoe UI Historic\', \'Segoe UI Historic_EmbeddedFont\', \'Segoe UI Historic_MSFontService\', sans-serif; line-height: 22.6625px; font-variant-ligatures: none !important;\" xml:lang=\"EN-ID\" data-contrast=\"none\"><span class=\"NormalTextRun SpellingErrorV2 SCXW260148539 BCX8\" style=\"margin: 0px; padding: 0px; user-select: text; -webkit-user-drag: none; -webkit-tap-highlight-color: transparent; background-repeat: repeat-x; background-position: left bottom; border-bottom: 1px solid transparent; background-color: inherit;\">dikemas</span></span><span class=\"TextRun Highlight SCXW260148539 BCX8\" lang=\"EN-ID\" style=\"margin: 0px; padding: 0px; user-select: text; -webkit-user-drag: none; -webkit-tap-highlight-color: transparent; outline: transparent solid 1px; color: #050505; font-size: 11.5pt; font-family: \'Segoe UI Historic\', \'Segoe UI Historic_EmbeddedFont\', \'Segoe UI Historic_MSFontService\', sans-serif; line-height: 22.6625px; font-variant-ligatures: none !important;\" xml:lang=\"EN-ID\" data-contrast=\"none\"><span class=\"NormalTextRun SCXW260148539 BCX8\" style=\"margin: 0px; padding: 0px; user-select: text; -webkit-user-drag: none; -webkit-tap-highlight-color: transparent; background-color: inherit;\">&nbsp;</span></span><span class=\"TextRun Highlight SCXW260148539 BCX8\" lang=\"EN-ID\" style=\"margin: 0px; padding: 0px; user-select: text; -webkit-user-drag: none; -webkit-tap-highlight-color: transparent; outline: transparent solid 1px; color: #050505; font-size: 11.5pt; font-family: \'Segoe UI Historic\', \'Segoe UI Historic_EmbeddedFont\', \'Segoe UI Historic_MSFontService\', sans-serif; line-height: 22.6625px; font-variant-ligatures: none !important;\" xml:lang=\"EN-ID\" data-contrast=\"none\"><span class=\"NormalTextRun SpellingErrorV2 SCXW260148539 BCX8\" style=\"margin: 0px; padding: 0px; user-select: text; -webkit-user-drag: none; -webkit-tap-highlight-color: transparent; background-repeat: repeat-x; background-position: left bottom; border-bottom: 1px solid transparent; background-color: inherit;\">menarik</span></span><span class=\"TextRun Highlight SCXW260148539 BCX8\" lang=\"EN-ID\" style=\"margin: 0px; padding: 0px; user-select: text; -webkit-user-drag: none; -webkit-tap-highlight-color: transparent; outline: transparent solid 1px; color: #050505; font-size: 11.5pt; font-family: \'Segoe UI Historic\', \'Segoe UI Historic_EmbeddedFont\', \'Segoe UI Historic_MSFontService\', sans-serif; line-height: 22.6625px; font-variant-ligatures: none !important;\" xml:lang=\"EN-ID\" data-contrast=\"none\"><span class=\"NormalTextRun SCXW260148539 BCX8\" style=\"margin: 0px; padding: 0px; user-select: text; -webkit-user-drag: none; -webkit-tap-highlight-color: transparent; background-color: inherit;\">&nbsp;dan&nbsp;</span></span><span class=\"TextRun Highlight SCXW260148539 BCX8\" lang=\"EN-ID\" style=\"margin: 0px; padding: 0px; user-select: text; -webkit-user-drag: none; -webkit-tap-highlight-color: transparent; outline: transparent solid 1px; color: #050505; font-size: 11.5pt; font-family: \'Segoe UI Historic\', \'Segoe UI Historic_EmbeddedFont\', \'Segoe UI Historic_MSFontService\', sans-serif; line-height: 22.6625px; font-variant-ligatures: none !important;\" xml:lang=\"EN-ID\" data-contrast=\"none\"><span class=\"NormalTextRun SpellingErrorV2 SCXW260148539 BCX8\" style=\"margin: 0px; padding: 0px; user-select: text; -webkit-user-drag: none; -webkit-tap-highlight-color: transparent; background-repeat: repeat-x; background-position: left bottom; border-bottom: 1px solid transparent; background-color: inherit;\">menyenangkan</span></span><span class=\"TextRun Highlight SCXW260148539 BCX8\" lang=\"EN-ID\" style=\"margin: 0px; padding: 0px; user-select: text; -webkit-user-drag: none; -webkit-tap-highlight-color: transparent; outline: transparent solid 1px; color: #050505; font-size: 11.5pt; font-family: \'Segoe UI Historic\', \'Segoe UI Historic_EmbeddedFont\', \'Segoe UI Historic_MSFontService\', sans-serif; line-height: 22.6625px; font-variant-ligatures: none !important;\" xml:lang=\"EN-ID\" data-contrast=\"none\"><span class=\"NormalTextRun SCXW260148539 BCX8\" style=\"margin: 0px; padding: 0px; user-select: text; -webkit-user-drag: none; -webkit-tap-highlight-color: transparent; background-color: inherit;\">.</span></span><span class=\"EOP SCXW260148539 BCX8\" style=\"margin: 0px; padding: 0px; user-select: text; -webkit-user-drag: none; -webkit-tap-highlight-color: transparent; font-size: 11.5pt; line-height: 22.6625px; font-family: \'Segoe UI Historic\', \'Segoe UI Historic_EmbeddedFont\', \'Segoe UI Historic_MSFontService\', sans-serif; color: #050505;\" data-ccp-props=\"{&quot;201341983&quot;:0,&quot;335559739&quot;:160,&quot;335559740&quot;:259}\">&nbsp;</span></p>\r\n<p>&nbsp;</p>','posts/November2020/SzzD47qNW7gfuc5Us45W.jpg','kurikulum',NULL,NULL,'PUBLISHED',0,'2020-11-19 21:10:09','2020-12-01 09:40:21',0),(17,1,8,'Materi Pelajaran',NULL,NULL,'<p><img src=\"https://www.sofies-world.com/wp-content/uploads/2018/12/coming-soon-1024x576.png\" alt=\"Coming Soon! &ndash; Sofie\'s World\" /></p>','posts/November2020/XgK8XpFfNeQiueGXEpp4.jpg','materi-pelajaran',NULL,NULL,'PUBLISHED',0,'2020-11-19 21:13:58','2020-12-01 09:56:02',0),(18,1,8,'Pendaftaran Siswa Baru',NULL,'Enim nulla aliquet porttitor lacus. Pulvinar pellentesque habitant morbi tristique senectus et. Sit amet facilisis magna etiam tempor orci eu lobortis. Et magnis dis parturient montes nascetur ridiculus mus mauris. Ornare suspendisse sed nisi lacus. Fermentum leo vel orci porta non pulvinar neque laoreet. Consectetur lorem donec massa sapien faucibus. Cursus vitae congue mauris rhoncus aenean. Fames ac turpis egestas sed tempus. Rhoncus mattis rhoncus urna neque viverra justo nec ultrices dui.','<p>Lorem ipsum dolor sit amet, consectetur adipiscing elit, sed do eiusmod tempor incididunt ut labore et dolore magna aliqua. Faucibus scelerisque eleifend donec pretium. Sapien nec sagittis aliquam malesuada. Lectus vestibulum mattis ullamcorper velit sed ullamcorper morbi. In dictum non consectetur a erat nam. Nec feugiat in fermentum posuere urna nec tincidunt praesent. Non tellus orci ac auctor augue mauris augue. Hendrerit gravida rutrum quisque non tellus orci ac auctor augue. Pretium lectus quam id leo in vitae. Morbi tristique senectus et netus et malesuada fames. Pretium vulputate sapien nec sagittis. Sit amet est placerat in. Placerat in egestas erat imperdiet sed euismod. Amet aliquam id diam maecenas ultricies. Enim nulla aliquet porttitor lacus luctus accumsan tortor. Tristique et egestas quis ipsum suspendisse ultrices. Risus in hendrerit gravida rutrum. Lectus vestibulum mattis ullamcorper velit sed ullamcorper. Risus sed vulputate odio ut. Facilisis mauris sit amet massa.</p>\r\n<p>&nbsp;</p>\r\n<p>Purus in mollis nunc sed id semper. At varius vel pharetra vel turpis. A iaculis at erat pellentesque. Nulla facilisi nullam vehicula ipsum a arcu. Gravida dictum fusce ut placerat. Pretium viverra suspendisse potenti nullam ac tortor vitae. Ultrices eros in cursus turpis massa tincidunt dui ut ornare. Mus mauris vitae ultricies leo integer malesuada nunc vel risus. Pellentesque adipiscing commodo elit at. Semper quis lectus nulla at volutpat diam ut venenatis tellus. A diam maecenas sed enim ut sem viverra. Urna et pharetra pharetra massa massa. In iaculis nunc sed augue lacus viverra. Auctor eu augue ut lectus arcu bibendum at varius vel. Nibh nisl condimentum id venenatis a condimentum vitae sapien pellentesque. Orci sagittis eu volutpat odio facilisis mauris sit. Quis vel eros donec ac odio tempor orci dapibus ultrices. Eget aliquet nibh praesent tristique magna sit amet purus. Blandit aliquam etiam erat velit scelerisque in dictum. Neque vitae tempus quam pellentesque nec nam aliquam sem.</p>\r\n<p>&nbsp;</p>\r\n<p>Enim nulla aliquet porttitor lacus. Pulvinar pellentesque habitant morbi tristique senectus et. Sit amet facilisis magna etiam tempor orci eu lobortis. Et magnis dis parturient montes nascetur ridiculus mus mauris. Ornare suspendisse sed nisi lacus. Fermentum leo vel orci porta non pulvinar neque laoreet. Consectetur lorem donec massa sapien faucibus. Cursus vitae congue mauris rhoncus aenean. Fames ac turpis egestas sed tempus. Rhoncus mattis rhoncus urna neque viverra justo nec ultrices dui.</p>\r\n<p>&nbsp;</p>\r\n<p>Amet facilisis magna etiam tempor orci. Id volutpat lacus laoreet non curabitur. Felis bibendum ut tristique et egestas quis ipsum suspendisse ultrices. Nibh venenatis cras sed felis eget velit aliquet sagittis. Velit aliquet sagittis id consectetur purus ut faucibus pulvinar elementum. Sit amet massa vitae tortor condimentum lacinia quis vel eros. Vestibulum mattis ullamcorper velit sed ullamcorper. Elit scelerisque mauris pellentesque pulvinar pellentesque habitant morbi tristique. Risus nec feugiat in fermentum posuere. Malesuada fames ac turpis egestas. Et sollicitudin ac orci phasellus egestas tellus. Sed ullamcorper morbi tincidunt ornare massa eget egestas. Amet nisl purus in mollis nunc sed. Mauris pellentesque pulvinar pellentesque habitant morbi tristique senectus et netus. Ut diam quam nulla porttitor massa id neque aliquam vestibulum.</p>\r\n<p>&nbsp;</p>\r\n<p>Mi quis hendrerit dolor magna eget est lorem ipsum. Ipsum consequat nisl vel pretium. Cras adipiscing enim eu turpis egestas pretium aenean pharetra magna. Sagittis purus sit amet volutpat consequat mauris nunc. Massa tempor nec feugiat nisl pretium fusce. Commodo viverra maecenas accumsan lacus vel facilisis volutpat. Congue mauris rhoncus aenean vel. Sed risus pretium quam vulputate dignissim suspendisse in. Ut tortor pretium viverra suspendisse potenti nullam ac tortor vitae. Malesuada fames ac turpis egestas. Pharetra vel turpis nunc eget. Leo in vitae turpis massa sed elementum tempus egestas sed. Mauris vitae ultricies leo integer malesuada nunc.</p>','posts/November2020/JquqvcrMvGjdI7KKM9Aw.JPG','pendaftaran-siswa-baru',NULL,NULL,'PUBLISHED',0,'2020-11-19 21:15:12','2020-11-28 12:44:34',0),(19,1,8,'Alumni',NULL,NULL,'<p><img src=\"https://www.sofies-world.com/wp-content/uploads/2018/12/coming-soon-1024x576.png\" alt=\"Coming Soon! &ndash; Sofie\'s World\" /></p>','posts/November2020/DlKqtsP5VPCK38i9RKm2.jpg','alumni',NULL,NULL,'PUBLISHED',0,'2020-11-19 21:17:05','2020-12-01 09:56:14',0),(20,1,5,'testpost1',NULL,NULL,'<p><iframe src=\"https://www.youtube.com/embed/MPqj6WaTFOE\" width=\"560\" height=\"315\" frameborder=\"0\" allowfullscreen=\"\"></iframe></p>\r\n<p>&nbsp;</p>\r\n<div><img src=\"https://cdn.discordapp.com/attachments/732258173658071114/782931960565334066/1l3q9o7t5eb21.png\" /></div>','posts/November2020/ul9mGtGJ1zcnzfu5KTrJ.jpg','testpost1',NULL,NULL,'PUBLISHED',0,'2020-11-30 10:58:45','2020-12-01 17:57:17',0),(21,1,6,'testpost2',NULL,NULL,'<div class=\"guruimgcontainer\" style=\"display: inline-block; border-radius: 14px; width: 260px; margin: 0.82vw; overflow: auto; transition: 0.3s;\">\r\n<div class=\"guruimg\" style=\"width: 230px; height: 230px; border-radius: 50%; overflow: hidden; align-items: center; justify-content: center; box-shadow: 0px 3px 6px 2px #00000052; box-sizing: border-box; transition: 0.2s; margin: 10px 15px 14px 15px;\"><img style=\"object-fit: cover; width: 230px; height: 230px; transition: 0.7s;\" src=\"https://cdn.discordapp.com/attachments/732258173658071114/782931960565334066/1l3q9o7t5eb21.png\" /></div>\r\n<p style=\"text-align: center; margin: 0px; font-size: 12pt;\">Nama Guru</p>\r\n<p style=\"text-align: center; margin-top: 5px; font-size: 10pt; color: rgba(0, 0, 0, 0.493);\">primary role</p>\r\n</div>',NULL,'testpost2',NULL,NULL,'PUBLISHED',0,'2020-12-01 07:48:23','2020-12-01 09:45:26',0),(22,1,8,'Slogan Sekolah EKSIS',NULL,'Slogan Sekolah EKSIS','<div id=\"empati\" class=\"flex flex-col\">\r\n<div class=\"relative bg-white w-32 h-12\">\r\n<h1 class=\"absollute text-2xl font-bold pb-3\">Empati</h1>\r\n</div>\r\n<hr class=\"-mt-8\" />\r\n<p class=\"my-10\">Lorem ipsum dolor sit amet consectetur adipisicing elit. Voluptas nisi numquam quo officiis neque accusamus dignissimos quos, nulla vel voluptates, doloribus necessitatibus sed, cupiditate ipsam. Possimus nostrum ea hic eius! Lorem ipsum dolor sit amet consectetur adipisicing elit. Voluptas nisi numquam quo officiis neque accusamus dignissimos quos, nulla vel voluptates, doloribus necessitatibus sed, cupiditate ipsam. Possimus nostrum ea hic eius!</p>\r\n</div>\r\n<div id=\"komunikatif\" class=\"flex flex-col\">\r\n<div class=\"relative bg-white w-48 h-12\">\r\n<h1 class=\"absollute text-2xl font-bold pb-3\">Komunikatif</h1>\r\n</div>\r\n<hr class=\"-mt-8\" />\r\n<p class=\"my-10\">Lorem ipsum dolor sit amet consectetur adipisicing elit. Voluptas nisi numquam quo officiis neque accusamus dignissimos quos, nulla vel voluptates, doloribus necessitatibus sed, cupiditate ipsam. Possimus nostrum ea hic eius! Lorem ipsum dolor sit amet consectetur adipisicing elit. Voluptas nisi numquam quo officiis neque accusamus dignissimos quos, nulla vel voluptates, doloribus necessitatibus sed, cupiditate ipsam. Possimus nostrum ea hic eius!</p>\r\n</div>\r\n<div id=\"sportif\" class=\"flex flex-col\">\r\n<div class=\"relative bg-white w-32 h-12\">\r\n<h1 class=\"absollute text-2xl font-bold pb-3\">Sportif</h1>\r\n</div>\r\n<hr class=\"-mt-8\" />\r\n<p class=\"my-10\">Lorem ipsum dolor sit amet consectetur adipisicing elit. Voluptas nisi numquam quo officiis neque accusamus dignissimos quos, nulla vel voluptates, doloribus necessitatibus sed, cupiditate ipsam. Possimus nostrum ea hic eius! Lorem ipsum dolor sit amet consectetur adipisicing elit. Voluptas nisi numquam quo officiis neque accusamus dignissimos quos, nulla vel voluptates, doloribus necessitatibus sed, cupiditate ipsam. Possimus nostrum ea hic eius!</p>\r\n</div>\r\n<div id=\"inovatif\" class=\"flex flex-col\">\r\n<div class=\"relative bg-white w-32 h-12\">\r\n<h1 class=\"absollute text-2xl font-bold pb-3\">Inovatif</h1>\r\n</div>\r\n<hr class=\"-mt-8\" />\r\n<p class=\"my-10\">Lorem ipsum dolor sit amet consectetur adipisicing elit. Voluptas nisi numquam quo officiis neque accusamus dignissimos quos, nulla vel voluptates, doloribus necessitatibus sed, cupiditate ipsam. Possimus nostrum ea hic eius! Lorem ipsum dolor sit amet consectetur adipisicing elit. Voluptas nisi numquam quo officiis neque accusamus dignissimos quos, nulla vel voluptates, doloribus necessitatibus sed, cupiditate ipsam. Possimus nostrum ea hic eius!</p>\r\n</div>\r\n<div id=\"simpati\" class=\"flex flex-col\">\r\n<div class=\"relative bg-white w-32 h-12\">\r\n<h1 class=\"absollute text-2xl font-bold pb-3\">Simpati</h1>\r\n</div>\r\n<hr class=\"-mt-8\" />\r\n<p class=\"my-10\">Lorem ipsum dolor sit amet consectetur adipisicing elit. Voluptas nisi numquam quo officiis neque accusamus dignissimos quos, nulla vel voluptates, doloribus necessitatibus sed, cupiditate ipsam. Possimus nostrum ea hic eius! Lorem ipsum dolor sit amet consectetur adipisicing elit. Voluptas nisi numquam quo officiis neque accusamus dignissimos quos, nulla vel voluptates, doloribus necessitatibus sed, cupiditate ipsam. Possimus nostrum ea hic eius!</p>\r\n</div>',NULL,'values',NULL,NULL,'PUBLISHED',0,'2020-12-01 17:03:03','2020-12-01 17:54:05',0);
/*!40000 ALTER TABLE `posts` ENABLE KEYS */;
UNLOCK TABLES;

--
-- Table structure for table `roles`
--

DROP TABLE IF EXISTS `roles`;
/*!40101 SET @saved_cs_client     = @@character_set_client */;
/*!50503 SET character_set_client = utf8mb4 */;
CREATE TABLE `roles` (
  `id` bigint unsigned NOT NULL AUTO_INCREMENT,
  `name` varchar(255) CHARACTER SET utf8mb4 COLLATE utf8mb4_unicode_ci NOT NULL,
  `display_name` varchar(255) CHARACTER SET utf8mb4 COLLATE utf8mb4_unicode_ci NOT NULL,
  `created_at` timestamp NULL DEFAULT NULL,
  `updated_at` timestamp NULL DEFAULT NULL,
  PRIMARY KEY (`id`),
  UNIQUE KEY `roles_name_unique` (`name`)
) ENGINE=InnoDB AUTO_INCREMENT=3 DEFAULT CHARSET=utf8mb4 COLLATE=utf8mb4_unicode_ci;
/*!40101 SET character_set_client = @saved_cs_client */;

--
-- Dumping data for table `roles`
--

LOCK TABLES `roles` WRITE;
/*!40000 ALTER TABLE `roles` DISABLE KEYS */;
INSERT INTO `roles` VALUES (1,'admin','Administrator','2020-11-05 19:41:46','2020-11-05 19:41:46'),(2,'user','Normal User','2020-11-05 19:41:46','2020-11-05 19:41:46');
/*!40000 ALTER TABLE `roles` ENABLE KEYS */;
UNLOCK TABLES;

--
-- Table structure for table `settings`
--

DROP TABLE IF EXISTS `settings`;
/*!40101 SET @saved_cs_client     = @@character_set_client */;
/*!50503 SET character_set_client = utf8mb4 */;
CREATE TABLE `settings` (
  `id` int unsigned NOT NULL AUTO_INCREMENT,
  `key` varchar(255) CHARACTER SET utf8mb4 COLLATE utf8mb4_unicode_ci NOT NULL,
  `display_name` varchar(255) CHARACTER SET utf8mb4 COLLATE utf8mb4_unicode_ci NOT NULL,
  `value` text CHARACTER SET utf8mb4 COLLATE utf8mb4_unicode_ci,
  `details` text CHARACTER SET utf8mb4 COLLATE utf8mb4_unicode_ci,
  `type` varchar(255) CHARACTER SET utf8mb4 COLLATE utf8mb4_unicode_ci NOT NULL,
  `order` int NOT NULL DEFAULT '1',
  `group` varchar(255) CHARACTER SET utf8mb4 COLLATE utf8mb4_unicode_ci DEFAULT NULL,
  PRIMARY KEY (`id`),
  UNIQUE KEY `settings_key_unique` (`key`)
) ENGINE=InnoDB AUTO_INCREMENT=19 DEFAULT CHARSET=utf8mb4 COLLATE=utf8mb4_unicode_ci;
/*!40101 SET character_set_client = @saved_cs_client */;

--
-- Dumping data for table `settings`
--

LOCK TABLES `settings` WRITE;
/*!40000 ALTER TABLE `settings` DISABLE KEYS */;
INSERT INTO `settings` VALUES (1,'site.title','Site Title','SD Marsudirini Gedangan Semarang','','text',1,'Site'),(2,'site.description','Site Description','Site Description','','text',2,'Site'),(3,'site.logo','Site Logo','settings/November2020/RyA7ZbsmCTlXCss8y1hp.png','','image',3,'Site'),(4,'site.google_analytics_tracking_id','Google Analytics Tracking ID',NULL,'','text',4,'Site'),(5,'admin.bg_image','Admin Background Image','','','image',5,'Admin'),(6,'admin.title','Admin Title','SD Marsudirini','','text',1,'Admin'),(7,'admin.description','Admin Description','Welcome to Admin Page.','','text',2,'Admin'),(8,'admin.loader','Admin Loader','','','image',3,'Admin'),(9,'admin.icon_image','Admin Icon Image','','','image',4,'Admin'),(11,'site.facebook_link','Social Media Facebook',NULL,NULL,'text',9,'Site'),(12,'site.instagram_link','Social Media Instagram',NULL,NULL,'text',10,'Site'),(13,'site.youtube_link','Social Media Youtube','https://www.youtube.com/channel/UCIPeGDRLls32PhqBGxfbHng',NULL,'text',11,'Site'),(14,'site.address_location','Alamat Lengkap','Jl. Ronggowarsito No.08 Semarang, Jawa Timur',NULL,'text',5,'Site'),(15,'site.primary_phone','Primary Phone Number','(024) 356-3065',NULL,'text',6,'Site'),(16,'site.secondary_phone','Secondary Phone Number','(024) 355-8695',NULL,'text',7,'Site'),(17,'site.email_address','Alamat Email','cs@sdmarsudirini gedangan.sch.id',NULL,'text',8,'Site'),(18,'site.image_navbar_title','Image Judul Website','settings\\December2020\\PqzsjAy7u4zTZkZaIvDX.png',NULL,'image',12,'Site');
/*!40000 ALTER TABLE `settings` ENABLE KEYS */;
UNLOCK TABLES;

--
-- Table structure for table `translations`
--

DROP TABLE IF EXISTS `translations`;
/*!40101 SET @saved_cs_client     = @@character_set_client */;
/*!50503 SET character_set_client = utf8mb4 */;
CREATE TABLE `translations` (
  `id` int unsigned NOT NULL AUTO_INCREMENT,
  `table_name` varchar(255) CHARACTER SET utf8mb4 COLLATE utf8mb4_unicode_ci NOT NULL,
  `column_name` varchar(255) CHARACTER SET utf8mb4 COLLATE utf8mb4_unicode_ci NOT NULL,
  `foreign_key` int unsigned NOT NULL,
  `locale` varchar(255) CHARACTER SET utf8mb4 COLLATE utf8mb4_unicode_ci NOT NULL,
  `value` text CHARACTER SET utf8mb4 COLLATE utf8mb4_unicode_ci NOT NULL,
  `created_at` timestamp NULL DEFAULT NULL,
  `updated_at` timestamp NULL DEFAULT NULL,
  PRIMARY KEY (`id`),
  UNIQUE KEY `translations_table_name_column_name_foreign_key_locale_unique` (`table_name`,`column_name`,`foreign_key`,`locale`)
) ENGINE=InnoDB AUTO_INCREMENT=31 DEFAULT CHARSET=utf8mb4 COLLATE=utf8mb4_unicode_ci;
/*!40101 SET character_set_client = @saved_cs_client */;

--
-- Dumping data for table `translations`
--

LOCK TABLES `translations` WRITE;
/*!40000 ALTER TABLE `translations` DISABLE KEYS */;
INSERT INTO `translations` VALUES (1,'data_types','display_name_singular',5,'pt','Post','2020-11-05 19:41:47','2020-11-05 19:41:47'),(2,'data_types','display_name_singular',6,'pt','Pgina','2020-11-05 19:41:47','2020-11-05 19:41:47'),(3,'data_types','display_name_singular',1,'pt','Utilizador','2020-11-05 19:41:47','2020-11-05 19:41:47'),(4,'data_types','display_name_singular',4,'pt','Categoria','2020-11-05 19:41:47','2020-11-05 19:41:47'),(5,'data_types','display_name_singular',2,'pt','Menu','2020-11-05 19:41:47','2020-11-05 19:41:47'),(6,'data_types','display_name_singular',3,'pt','Funo','2020-11-05 19:41:47','2020-11-05 19:41:47'),(7,'data_types','display_name_plural',5,'pt','Posts','2020-11-05 19:41:47','2020-11-05 19:41:47'),(8,'data_types','display_name_plural',6,'pt','Pginas','2020-11-05 19:41:47','2020-11-05 19:41:47'),(9,'data_types','display_name_plural',1,'pt','Utilizadores','2020-11-05 19:41:47','2020-11-05 19:41:47'),(10,'data_types','display_name_plural',4,'pt','Categorias','2020-11-05 19:41:47','2020-11-05 19:41:47'),(11,'data_types','display_name_plural',2,'pt','Menus','2020-11-05 19:41:47','2020-11-05 19:41:47'),(12,'data_types','display_name_plural',3,'pt','Funes','2020-11-05 19:41:47','2020-11-05 19:41:47'),(13,'categories','slug',1,'pt','categoria-1','2020-11-05 19:41:47','2020-11-05 19:41:47'),(14,'categories','name',1,'pt','Categoria 1','2020-11-05 19:41:47','2020-11-05 19:41:47'),(15,'categories','slug',2,'pt','categoria-2','2020-11-05 19:41:47','2020-11-05 19:41:47'),(16,'categories','name',2,'pt','Categoria 2','2020-11-05 19:41:47','2020-11-05 19:41:47'),(17,'pages','title',1,'pt','Ol Mundo','2020-11-05 19:41:47','2020-11-05 19:41:47'),(18,'pages','slug',1,'pt','ola-mundo','2020-11-05 19:41:47','2020-11-05 19:41:47'),(19,'pages','body',1,'pt','<p>Ol Mundo. Scallywag grog swab Cat o\'nine tails scuttle rigging hardtack cable nipper Yellow Jack. Handsomely spirits knave lad killick landlubber or just lubber deadlights chantey pinnace crack Jennys tea cup. Provost long clothes black spot Yellow Jack bilged on her anchor league lateen sail case shot lee tackle.</p>\r\n<p>Ballast spirits fluke topmast me quarterdeck schooner landlubber or just lubber gabion belaying pin. Pinnace stern galleon starboard warp carouser to go on account dance the hempen jig jolly boat measured fer yer chains. Man-of-war fire in the hole nipperkin handsomely doubloon barkadeer Brethren of the Coast gibbet driver squiffy.</p>','2020-11-05 19:41:47','2020-11-05 19:41:47'),(20,'menu_items','title',1,'pt','Painel de Controle','2020-11-05 19:41:47','2020-11-05 19:41:47'),(21,'menu_items','title',2,'pt','Media','2020-11-05 19:41:47','2020-11-05 19:41:47'),(22,'menu_items','title',12,'pt','Publicaes','2020-11-05 19:41:47','2020-11-05 19:41:47'),(23,'menu_items','title',3,'pt','Utilizadores','2020-11-05 19:41:47','2020-11-05 19:41:47'),(24,'menu_items','title',11,'pt','Categorias','2020-11-05 19:41:47','2020-11-05 19:41:47'),(25,'menu_items','title',13,'pt','Pginas','2020-11-05 19:41:47','2020-11-05 19:41:47'),(26,'menu_items','title',4,'pt','Funes','2020-11-05 19:41:47','2020-11-05 19:41:47'),(27,'menu_items','title',5,'pt','Ferramentas','2020-11-05 19:41:47','2020-11-05 19:41:47'),(28,'menu_items','title',6,'pt','Menus','2020-11-05 19:41:47','2020-11-05 19:41:47'),(29,'menu_items','title',7,'pt','Base de dados','2020-11-05 19:41:47','2020-11-05 19:41:47'),(30,'menu_items','title',10,'pt','Configuraes','2020-11-05 19:41:47','2020-11-05 19:41:47');
/*!40000 ALTER TABLE `translations` ENABLE KEYS */;
UNLOCK TABLES;

--
-- Table structure for table `user_roles`
--

DROP TABLE IF EXISTS `user_roles`;
/*!40101 SET @saved_cs_client     = @@character_set_client */;
/*!50503 SET character_set_client = utf8mb4 */;
CREATE TABLE `user_roles` (
  `user_id` bigint unsigned NOT NULL,
  `role_id` bigint unsigned NOT NULL,
  PRIMARY KEY (`user_id`,`role_id`),
  KEY `user_roles_user_id_index` (`user_id`),
  KEY `user_roles_role_id_index` (`role_id`),
  CONSTRAINT `user_roles_role_id_foreign` FOREIGN KEY (`role_id`) REFERENCES `roles` (`id`) ON DELETE CASCADE,
  CONSTRAINT `user_roles_user_id_foreign` FOREIGN KEY (`user_id`) REFERENCES `users` (`id`) ON DELETE CASCADE
) ENGINE=InnoDB DEFAULT CHARSET=utf8mb4 COLLATE=utf8mb4_unicode_ci;
/*!40101 SET character_set_client = @saved_cs_client */;

--
-- Dumping data for table `user_roles`
--

LOCK TABLES `user_roles` WRITE;
/*!40000 ALTER TABLE `user_roles` DISABLE KEYS */;
/*!40000 ALTER TABLE `user_roles` ENABLE KEYS */;
UNLOCK TABLES;

--
-- Table structure for table `users`
--

DROP TABLE IF EXISTS `users`;
/*!40101 SET @saved_cs_client     = @@character_set_client */;
/*!50503 SET character_set_client = utf8mb4 */;
CREATE TABLE `users` (
  `id` bigint unsigned NOT NULL AUTO_INCREMENT,
  `role_id` bigint unsigned DEFAULT NULL,
  `name` varchar(255) CHARACTER SET utf8mb4 COLLATE utf8mb4_unicode_ci NOT NULL,
  `email` varchar(255) CHARACTER SET utf8mb4 COLLATE utf8mb4_unicode_ci NOT NULL,
  `avatar` varchar(255) CHARACTER SET utf8mb4 COLLATE utf8mb4_unicode_ci DEFAULT 'users/default.png',
  `email_verified_at` timestamp NULL DEFAULT NULL,
  `password` varchar(255) CHARACTER SET utf8mb4 COLLATE utf8mb4_unicode_ci NOT NULL,
  `remember_token` varchar(100) CHARACTER SET utf8mb4 COLLATE utf8mb4_unicode_ci DEFAULT NULL,
  `settings` text CHARACTER SET utf8mb4 COLLATE utf8mb4_unicode_ci,
  `created_at` timestamp NULL DEFAULT NULL,
  `updated_at` timestamp NULL DEFAULT NULL,
  PRIMARY KEY (`id`),
  UNIQUE KEY `users_email_unique` (`email`),
  KEY `users_role_id_foreign` (`role_id`),
  CONSTRAINT `users_role_id_foreign` FOREIGN KEY (`role_id`) REFERENCES `roles` (`id`)
) ENGINE=InnoDB AUTO_INCREMENT=2 DEFAULT CHARSET=utf8mb4 COLLATE=utf8mb4_unicode_ci;
/*!40101 SET character_set_client = @saved_cs_client */;

--
-- Dumping data for table `users`
--

LOCK TABLES `users` WRITE;
/*!40000 ALTER TABLE `users` DISABLE KEYS */;
INSERT INTO `users` VALUES (1,1,'Admin','admin@admin.com','users/default.png',NULL,'$2y$10$we3x.wK7jm5VeUshiyHHMuWgAKXnlK9m1f8Wt4Ns9KaF8bxlSBb4.','fCBErZy74RccqNoGufZq1QycD7xszWG7Iss4TkaG8vcNoE1oTPAsaxbpRdls',NULL,'2020-11-05 19:41:46','2020-11-05 19:41:46');
/*!40000 ALTER TABLE `users` ENABLE KEYS */;
UNLOCK TABLES;
/*!40103 SET TIME_ZONE=@OLD_TIME_ZONE */;

/*!40101 SET SQL_MODE=@OLD_SQL_MODE */;
/*!40014 SET FOREIGN_KEY_CHECKS=@OLD_FOREIGN_KEY_CHECKS */;
/*!40014 SET UNIQUE_CHECKS=@OLD_UNIQUE_CHECKS */;
/*!40101 SET CHARACTER_SET_CLIENT=@OLD_CHARACTER_SET_CLIENT */;
/*!40101 SET CHARACTER_SET_RESULTS=@OLD_CHARACTER_SET_RESULTS */;
/*!40101 SET COLLATION_CONNECTION=@OLD_COLLATION_CONNECTION */;
/*!40111 SET SQL_NOTES=@OLD_SQL_NOTES */;

-- Dump completed on 2020-12-02  1:00:42
